word,count
the,6846
i,6375
to,5608
a,4833
it,3854
you,3449
is,3269
that,3159
this,2883
and,2796
of,2636
in,2354
for,1945
but,1773
just,1655
on,1638
have,1474
so,1426
it's,1386
not,1361
like,1335
be,1270
my,1253
no,1245
do,1232
was,1196
if,1190
can,1126
what,1111
with,1077
i'm,1014
me,956
don't,910
are,857
one,823
we,783
because,759
your,727
at,702
or,665
an,655
think,643
also,636
now,635
they,632
how,624
that's,619
as,609
get,601
know,596
about,594
all,594
yeah,566
oh,566
use,558
going,550
server,539
out,534
when,532
okay,532
good,500
want,499
has,494
up,482
really,476
thing,469
then,469
did,465
why,459
people,458
make,445
there,442
alright,437
actually,437
time,435
i've,427
from,425
by,423
some,402
right,397
things,394
something,393
will,390
probably,385
you're,374
very,368
more,365
need,359
should,352
code,352
go,351
dungeonfy,348
way,348
does,345
them,339
here,325
can't,325
work,315
too,310
see,305
only,304
doesn't,302
got,292
minecraft,291
idea,288
would,288
2,283
who,283
linux,283
am,282
been,281
💀,275
using,274
game,268
made,268
much,266
discord,265
yes,262
doing,261
where,259
into,257
could,255
i'll,254
had,254
which,253
mod,252
new,249
😔,244
ai,243
mean,240
@everyone,238
bad,232
bit,225
still,225
didn't,221
wait,221
isn't,218
same,215
there's,214
give,214
try,212
point,212
#,212
better,212
than,212
say,212
works,209
other,207
back,206
cool,203
he,202
sure,201
>,200
weird,200
funny,198
please,197
fine,195
being,194
never,194
first,193
even,191
used,188
fun,188
were,188
real,187
sorry,185
version,183
put,182
any,181
off,180
making,178
someone,178
dfy,174
1,174
well,173
every,173
different,172
windows,170
add,169
play,168
look,168
¯\_(ツ)_/¯,167
second,167
awesome,166
most,164
maybe,163
old,162
run,160
their,159
ah,159
enough,156
5,154
message,154
again,153
reason,153
update,151
looks,151
file,151
before,151
while,150
kind,149
3,148
though,147
anything,147
many,147
toki,147
might,146
wrong,145
website,145
these,141
makes,141
literally,141
java,140
read,140
trying,140
school,138
working,137
ever,137
name,136
set,134
random,134
remember,133
true,132
find,132
least,131
nothing,131
little,130
yep,130
computer,130
pona,130
person,129
take,127
anyways,126
=,126
word,125
app,125
day,125
thought,124
we're,124
ago,122
❌,122
long,120
open,120
down,120
found,119
list,118
feel,117
those,117
hard,117
love,117
guy,116
tell,116
stop,116
what's,115
they're,115
call,115
two,115
done,115
without,114
join,114
us,114
start,113
great,113
i'd,113
already,112
hate,112
nice,112
10,111
guess,110
install,110
video,110
send,109
everyone,109
else,109
years,108
system,108
yet,106
fix,106
channel,105
left,104
over,104
download,104
talking,103
said,103
world,102
few,102
once,102
moment,102
4,101
best,101
may,101
source,101
lot,100
tried,100
haven't,100
definitely,99
scify,98
figure,97
end,97
canada,97
basically,96
lmao,96
pretty,95
whatever,94
data,94
means,94
anyone,94
help,94
both,94
come,93
let,93
since,93
free,93
through,92
added,92
big,91
year,91
fair,91
minutes,91
able,90
last,90
issue,90
account,90
money,89
🎉,89
e,89
whole,88
getting,88
own,88
after,88
python,88
7,88
its,87
change,87
thank,87
project,86
words,86
it'll,86
map,86
command,85
hello,85
normal,85
top,85
keep,84
less,84
type,84
bunch,84
joke,84
kinda,84
everything,83
later,83
wasn't,83
incredible,83
walk,83
uhh,82
language,82
bootfy,82
support,82
image,81
super,80
until,80
mi,80
text,79
stuff,79
days,79
button,79
files,79
d,79
part,79
annoying,78
mods,78
live,78
user,77
aren't,77
saying,77
won't,77
👋,76
bug,76
fabric,76
feature,75
hit,75
sense,74
absolutely,73
gonna,73
screen,73
number,73
having,73
gavriil,73
guys,72
folder,72
playing,72
click,72
player,72
page,72
him,72
servers,72
seems,71
entire,71
called,71
agree,71
write,71
you'll,71
features,71
side,70
single,70
chat,70
it’s,70
internet,70
problem,70
fact,70
arch,70
ok,69
access,69
messages,69
yippee,69
says,68
tomorrow,68
development,67
menu,67
learn,67
items,66
thoughts,66
link,66
believe,66
talk,66
phone,66
uses,66
api,66
his,66
worth,66
around,66
darn,66
far,65
wanted,65
stupid,65
here's,64
release,64
hope,64
exactly,64
copy,64
class,64
example,63
games,63
you'd,63
either,63
always,63
main,63
sent,63
crazy,63
nope,63
forgot,62
next,62
watch,62
skript,62
life,62
our,62
vancouver,62
we'll,61
item,61
broken,61
mode,61
colour,61
place,61
neat,61
times,60
conversation,60
fixed,60
specifically,59
hi,59
answer,59
hell,59
test,59
turns,59
important,59
fancy,58
another,58
close,58
french,58
happen,58
question,58
client,58
perfect,58
i’m,58
don’t,57
general,57
understand,57
looking,57
today,57
whenever,56
seen,56
block,56
error,56
writing,56
honestly,56
kill,56
&,56
installed,56
library,55
incredibly,55
water,55
happened,55
exist,55
ask,55
saw,55
uhhh,55
idk,55
shouldn't,54
hear,54
hours,54
possible,54
amount,54
running,54
mind,54
updated,54
search,54
soon,53
it'd,53
you've,53
script,53
god,53
instead,53
##,53
gets,53
happens,53
played,53
ram,53
matter,53
li,53
deal,52
design,52
luck,52
o,52
leave,52
swear,52
care,52
half,52
realized,51
shut,51
meant,51
nevermind,51
happening,50
math,50
default,50
between,50
show,50
easy,50
plugin,50
port,50
clear,49
terrible,49
explain,49
kotlin,49
btw,49
},49
software,49
bugs,49
country,49
bar,49
youtube,49
public,49
move,48
woah,48
each,48
coding,48
plan,48
line,48
unless,48
coming,47
myself,47
correct,47
blocks,47
book,47
started,47
/,47
{,47
ui,47
let's,47
longer,47
full,47
godot,47
web,47
late,46
large,46
finish,46
insane,46
😭,45
entirely,45
skill,45
enook,45
realize,45
online,45
users,45
such,45
heard,45
sleep,45
bc,45
based,45
he's,45
font,45
ignore,45
fully,44
adding,44
obviously,44
x,44
pick,44
america,44
beta,44
worked,44
amazing,44
multiple,44
context,44
yourself,44
program,44
somehow,43
specific,43
role,43
went,43
style,43
opinion,43
easier,43
6,43
sending,43
finn,43
sounds,42
ones,42
programming,42
plugins,42
deleted,42
goes,42
note,42
built,42
ni,42
we've,41
dead,41
+,41
terminal,41
case,41
feels,41
article,41
players,41
small,41
b,41
experience,41
die,41
fish,41
wow,41
github,41
delete,41
comes,40
problems,40
thinking,40
changed,40
check,40
win,40
actual,40
sometimes,40
whoops,40
gave,40
8,40
slightly,40
anymore,39
content,39
night,39
downloading,39
hey,39
none,39
ip,39
switch,39
title,39
config,39
firefox,39
generally,38
20,38
git,38
apps,38
art,38
decided,38
break,38
turn,38
told,38
pop,38
rn,38
pack,38
\,38
exists,38
recommend,38
song,38
hour,38
wouldn't,38
buy,38
versions,37
requires,37
village,37
warp,37
completely,37
👍,37
current,37
count,37
crap,37
c,37
news,37
health,37
places,37
couldn't,37
must,37
besides,37
remove,37
wikipedia,37
usb,37
la,37
✅,37
save,36
gone,36
worse,36
reading,36
<:enook_cook:1127624847686639637>,36
reasons,36
0,36
usually,36
music,36
guide,36
wordle,36
north,36
stanley,36
browser,36
blue,36
skills,35
basic,35
function,35
admin,35
sad,35
confused,35
event,35
screenshot,35
hmmm,35
ping,35
sound,35
uh,35
joined,35
bill,35
username,35
verify,35
option,35
argument,35
sona,35
written,34
become,34
seconds,34
supposed,34
create,34
needs,34
similar,34
dollars,34
space,34
that’s,34
anyway,34
information,34
walking,34
trust,34
allow,34
shows,34
away,34
past,34
build,34
manually,34
island,34
pi,34
sucks,33
except,33
figured,33
under,33
allows,33
interesting,33
favourite,33
quick,33
etc,33
released,33
related,33
custom,33
false,33
fake,33
came,33
commands,33
bus,33
iirc,32
together,32
currently,32
post,32
quite,32
giving,32
settings,32
sec,32
months,32
emoji,32
fishing,32
whether,32
15,32
wifi,32
high,32
mastodon,32
allowed,32
government,32
political,32
earth,32
silly,32
that'd,32
original,32
typing,31
almost,31
damn,31
card,31
installing,31
properly,31
draw,31
sudo,31
took,31
looked,31
inside,31
red,31
light,31
numbers,31
stick,31
tiktok,31
email,31
signal,31
ala,31
latest,30
order,30
options,30
via,30
recently,30
profile,30
banned,30
building,30
welcome,30
imagine,30
fan,30
mine,30
s,30
lonk,30
canadian,30
closed,30
cd,30
wiki,30
apple,30
modern,30
difficult,29
bye,29
area,29
levels,29
spend,29
ios,29
randomly,29
state,29
depends,29
required,29
spent,29
updates,29
effect,29
eventually,29
death,29
crashed,29
learning,29
computers,29
level,29
following,29
three,29
flag,29
setting,29
modrinth,29
wrote,29
/j,29
nimi,29
mostly,28
grass,28
w,28
turned,28
bring,28
reference,28
given,28
genuinely,28
could've,28
assume,28
company,28
week,28
speak,28
group,28
you’re,28
touch,28
desktop,28
impossible,28
head,28
inventory,28
against,28
os,28
launcher,28
useful,27
hmm,27
yikes,27
party,27
vibe,27
bot,27
ideas,27
several,27
putting,27
war,27
reset,27
history,27
channels,27
avoid,27
lines,27
voice,27
west,27
css,27
english,27
report,27
tragic,27
string,27
telling,27
maps,27
console,27
worst,27
fy,27
privacy,27
cannot,27
google,27
sentence,27
letter,27
certain,26
future,26
brain,26
happy,26
exact,26
asking,26
ban,26
moved,26
community,26
gives,26
course,26
tag,26
jar,26
bottom,26
buttons,26
pengu,26
implement,26
excited,26
lets,26
finally,26
30,26
slow,26
ability,26
created,26
gotten,26
laptop,26
character,26
mentioned,26
fuck,26
power,25
clearly,25
thread,25
home,25
password,25
quickly,25
takes,25
lost,25
characters,25
breaking,25
lol,25
ligne,25
letters,25
macos,25
background,25
boot,25
beat,25
damage,25
friend,25
lose,25
cringe,25
images,25
upload,25
broke,25
9,25
learned,25
named,25
needed,25
//,25
domain,25
drive,25
slop,25
trump,25
noah,25
collections,24
implemented,24
onto,24
edit,24
gnome,24
thanks,24
enabled,24
food,24
available,24
ugly,24
otherwise,24
somewhere,24
12,24
n,24
referring,24
radio,24
stay,24
microsoft,24
rest,24
chance,24
^,24
display,24
weekend,24
date,24
ubuntu,24
complicated,24
r,24
dungeons,24
friends,24
evan,24
face,23
minute,23
official,23
average,23
immediately,23
might've,23
city,23
useless,23
thingy,23
base,23
starting,23
documentation,23
eat,23
house,23
testing,23
m,23
audio,23
henry,23
curious,23
previous,23
considering,23
finished,23
machine,23
family,23
green,23
taking,23
tool,23
yaml,23
1.20.4,22
repo,22
difference,22
iphone,22
tabs,22
license,22
during,22
auto,22
wish,22
seem,22
box,22
accidentally,22
y,22
hors,22
colours,22
tab,22
compile,22
ads,22
dumb,22
speaking,22
board,22
killing,22
known,22
calling,22
assumed,22
dmodloader,22
v,22
staff,22
videos,22
man,22
gui,22
month,22
managed,22
section,22
standard,22
politics,22
model,22
died,22
mobile,22
considered,22
>billgpt,22
lie,21
view,21
points,21
logo,21
store,21
changing,21
regardless,21
missing,21
early,21
window,21
speed,21
unfortunate,21
can’t,21
device,21
someone's,21
k,21
possibly,21
runs,21
kids,21
evil,21
empty,21
changes,21
json,21
jump,21
u,21
admins,21
names,21
countries,21
along,21
period,21
steal,21
control,21
enter,21
others,21
repository,21
they've,21
==,21
unfortunately,21
root,21
recommended,21
press,21
photo,21
train,21
watched,21
room,21
white,21
jan,21
format,20
biggest,20
human,20
forget,20
easily,20
seeing,20
questions,20
return,20
/warp,20
strange,20
gif,20
rust,20
l,20
wanna,20
icon,20
✨,20
taken,20
logic,20
job,20
replace,20
effort,20
❤️,20
supports,20
dungeon,20
rather,20
paper,20
10/10,20
mouse,20
errors,20
earlier,20
multiplayer,20
nintendo,20
status,20
chatgpt,20
cheese,20
value,20
poll,20
ad,20
starts,20
websites,20
wile,20
editor,20
html,20
rules,20
xbox,20
cares,20
monitor,20
sina,20
park,20
updating,19
mess,19
british,19
would've,19
pay,19
projects,19
especially,19
issues,19
request,19
results,19
wdym,19
neither,19
distro,19
expect,19
steam,19
mainly,19
theoretically,19
archive,19
url,19
hm,19
fixes,19
fixing,19
appear,19
py,19
intellij,19
losing,19
detect,19
sign,19
schedule,19
stable,19
middle,19
actively,19
stats,19
uk,19
shocking,19
short,19
drop,19
host,19
knows,19
hopefully,19
libraries,19
t,19
extra,19
brother,19
dark,19
downloads,19
helpful,19
meet,19
keyboard,19
car,19
form,19
lying,19
echo,19
wars,19
mohammad,19
consider,19
transit,19
tree,18
starry,18
sitting,18
barely,18
outside,18
import,18
directly,18
neovim,18
picture,18
interested,18
wall,18
gameplay,18
plot,18
american,18
fault,18
i’ve,18
100,18
teacher,18
package,18
couple,18
bored,18
particularly,18
plays,18
chicken,18
kanye,18
shit,18
todo,18
key,18
despite,18
unlikely,18
hand,18
fit,18
banger,18
purple,18
mining,18
push,18
hardcore,18
attached,18
should've,18
common,18
action,18
replaced,18
helps,18
zip,18
ahead,18
front,18
wants,18
progress,18
packs,18
handle,18
black,18
product,18
creating,18
quilt,18
response,18
fast,18
cinema,18
kepeken,18
station,18
center,18
<#1249899273743630420>,18
benefit,17
log,17
killed,17
path,17
terms,17
welp,17
confusing,17
attempt,17
tech,17
elaborate,17
asked,17
initial,17
that'll,17
age,17
liked,17
active,17
crashes,17
dev,17
per,17
convince,17
2025,17
normally,17
egg,17
frame,17
texture,17
messaging,17
slowly,17
tools,17
prompt,17
reported,17
nerd,17
smart,17
forced,17
choice,17
engine,17
keeps,17
javascript,17
planning,17
prism,17
involved,17
farm,17
murder,17
story,17
vague,17
3d,17
sick,17
opened,17
ran,17
proper,17
suppose,17
team,17
private,17
pip,17
0/10,17
downloaded,17
reddit,17
size,17
lies,17
sheep,17
richmond,17
magic,16
vim,16
interface,16
jailbreak,16
technically,16
stopped,16
training,16
definition,16
accounts,16
absolute,16
costs,16
rid,16
towards,16
variable,16
final,16
decide,16
js,16
manager,16
resource,16
spawn,16
often,16
europe,16
location,16
doesn’t,16
pc,16
awful,16
relevant,16
f,16
solution,16
irc,16
pass,16
knowledge,16
removed,16
crappy,16
prove,16
include,16
arguments,16
constantly,16
graphics,16
pull,16
adds,16
prefer,16
we’re,16
bars,16
yay,16
40,16
vote,16
spam,16
skyblock,16
armour,16
info,16
restart,16
pet,16
memory,16
mee6,16
core,16
children,16
personal,16
parents,16
minehut,16
vencord,16
notice,16
aggressive,16
twitter,16
ps3,16
fucking,16
watching,16
frog,16
comment,16
liberal,16
turning,16
stan,16
billion,15
follow,15
developing,15
cut,15
paying,15
loading,15
android,15
connect,15
solved,15
perms,15
permissions,15
doom,15
connected,15
transfer,15
cost,15
isn’t,15
force,15
low,15
faster,15
instance,15
understanding,15
###,15
perfectly,15
smaller,15
designed,15
2d,15
wake,15
within,15
developer,15
adam,15
piece,15
photos,15
law,15
glad,15
stack,15
bots,15
opening,15
stole,15
chickenman,15
render,15
links,15
aware,15
breaks,15
disagree,15
movie,15
clone,15
due,15
toggle,15
menus,15
fill,15
id,15
states,15
scrolling,15
clicking,15
weeks,15
taso,15
election,15
ohhh,15
flashlight,15
bothered,15
dad,15
debian,15
rights,15
ideally,15
focus,14
require,14
appears,14
blender,14
complete,14
saved,14
automatically,14
iron,14
existed,14
likely,14
popular,14
fairly,14
respond,14
screwed,14
apparently,14
disable,14
hidden,14
behind,14
environment,14
presume,14
cooldown,14
select,14
recent,14
commit,14
debug,14
2️⃣,14
however,14
gpu,14
lunch,14
notes,14
listen,14
e.g,14
ready,14
books,14
promise,14
remembered,14
refer,14
complain,14
exclusively,14
1.0,14
simple,14
greenland,14
convinced,14
blame,14
reasonable,14
niche,14
touching,14
giant,14
loader,14
local,14
older,14
agreed,14
meh,14
unrelated,14
suck,14
twice,14
goodbye,14
ended,14
gaming,14
owner,14
wondering,14
notifications,14
hot,14
shot,14
finding,14
blocked,14
christmas,14
feeling,14
grade,14
checked,14
bios,14
noticed,14
spot,14
storage,14
warning,14
nobody,14
further,14
seriously,14
tunnel,14
farms,14
major,13
spell,13
attention,13
purpose,13
tags,13
meaning,13
meeting,13
april,13
vs,13
realizing,13
alone,13
quality,13
imo,13
dungeonfy's,13
star,13
sh,13
shell,13
stuck,13
gotta,13
sodium,13
cause,13
11,13
rendering,13
simply,13
coded,13
dinner,13
mistake,13
gold,13
hole,13
modded,13
boo,13
hobby,13
theme,13
record,13
security,13
hitchhiker's,13
100%,13
cap,13
social,13
releasing,13
rank,13
dollar,13
verified,13
limit,13
creates,13
grasses,13
land,13
releases,13
morning,13
cold,13
plans,13
convert,13
cpu,13
kept,13
print,13
outdated,13
moving,13
patch,13
interact,13
17,13
opinions,13
passion,13
meme,13
operating,13
balls,13
zoinks,13
translation,13
tak,13
generated,13
russia,13
gta,13
graph,13
assuming,13
eating,13
safe,13
pilin,13
previously,13
react,13
greg,13
translink,13
chase,13
yung's,13
vaguely,13
dfyitems,12
significantly,12
load,12
crash,12
closest,12
extension,12
above,12
answers,12
alt,12
supporter,12
i’ll,12
valid,12
successfully,12
generate,12
pro,12
vc,12
max,12
functions,12
developers,12
apply,12
knew,12
nvm,12
begging,12
ham,12
complaining,12
relation,12
galaxy,12
funnier,12
currency,12
crypto,12
buying,12
includes,12
pants,12
genius,12
hide,12
truly,12
og,12
forever,12
failed,12
members,12
lives,12
bigger,12
indeed,12
messing,12
statement,12
directory,12
various,12
officially,12
needing,12
higher,12
itself,12
child,12
develop,12
pin,12
hates,12
mixin,12
chickenmanfy,12
share,12
task,12
compared,12
ish,12
track,12
double,12
al,12
paid,12
john,12
mint,12
mad,12
perspective,12
setup,12
willing,12
million,12
who's,12
bother,12
laws,12
tutorial,12
capitalism,12
waiting,12
unicode,12
apt,12
kde,12
woke,12
china,12
models,12
figuring,12
360,12
invented,12
doubt,12
lake,12
chip,12
gun,12
pfp,12
wild,12
plenty,12
therefore,12
watermark,12
dying,12
jesus,12
tenpo,12
united,12
fellow,12
fortnite,12
sitelen,12
burnaby,12
process,11
progression,11
pinned,11
noted,11
ai-generated,11
legal,11
cat,11
loop,11
four,11
we'd,11
goal,11
australia,11
step,11
portal,11
joining,11
connection,11
tl;dr,11
suffering,11
tip,11
0️⃣,11
infinite,11
z,11
below,11
horrifying,11
eagle,11
pain,11
mc.desyncd.xyz,11
gradient,11
deep,11
matrix,11
programmer,11
yesterday,11
particular,11
waste,11
highly,11
scroll,11
talked,11
sunday,11
posted,11
european,11
fire,11
reality,11
lazy,11
lower,11
including,11
hold,11
protocol,11
offline,11
keys,11
ssh,11
totally,11
easiest,11
timezone,11
playerdata,11
functionality,11
topic,11
media,11
skripts,11
unironically,11
knowing,11
counter,11
leaked,11
timed,11
hoping,11
shoot,11
wonder,11
andy,11
continue,11
hosting,11
argue,11
mute,11
according,11
module,11
scan,11
activity,11
honest,11
🇨🇦,11
disabled,11
xp,11
mark,11
grammar,11
caps,11
forge,11
body,11
fedora,11
lungs,11
buggy,11
gifs,11
zen,11
popup,11
kills,11
server's,11
bullcrap,11
stolen,11
locked,11
existence,11
enable,11
iso,11
concept,11
initially,11
hat,11
typed,11
missed,11
calgary,11
pixel,11
󱦀,11
essay,11
east,11
communist,11
refuse,11
ken,11
service,11
pirate,11
rich,11
battery,11
2021,11
bedrock,11
21,11
1.21.8,11
ways,11
hilarious,11
one's,11
implementing,11
israel,11
reaction,11
didn’t,11
spelling,11
seme,11
miningfy,11
handed,11
roblox,11
lego,11
granville,11
robot,11
bay,11
dfycore,11
calculator,11
🗓️,11
󱤧󱤬󱥭,11
dfyskills,11
majority,10
stands,10
lock,10
increase,10
hadn't,10
wallpaper,10
creative,10
explanation,10
editing,10
c++,10
duckduckgo,10
clean,10
structure,10
input,10
discussion,10
stream,10
restarting,10
desert,10
biased,10
rewrite,10
1️⃣,10
archived,10
loss,10
container,10
shift,10
cancer,10
holding,10
attempting,10
mob,10
epic,10
❗,10
configure,10
dream,10
illegal,10
companies,10
manage,10
chromium,10
browsers,10
taste,10
throw,10
heart,10
rare,10
brought,10
dang,10
theory,10
separate,10
cover,10
events,10
checking,10
notification,10
branch,10
readable,10
likes,10
expensive,10
void,10
pages,10
naming,10
pushed,10
var,10
switched,10
modding,10
certainly,10
worry,10
opens,10
linked,10
plus,10
visible,10
miss,10
excessive,10
cloth,10
sends,10
dash,10
mc,10
lag,10
ends,10
boring,10
equivalent,10
exe,10
expected,10
interest,10
trouble,10
milk,10
logical,10
contact,10
fight,10
trustworthy,10
nitro,10
mr,10
daily,10
communism,10
clicked,10
square,10
edition,10
beach,10
pile,10
placed,10
docs,10
chrome,10
tick,10
󱦃,10
harder,10
unsure,10
languages,10
filter,10
instructions,10
idiot,10
describe,10
russian,10
alphabet,10
algorithm,10
analysis,10
p,10
j,10
resolution,10
paste,10
dictionary,10
george,10
14,10
revolution,10
cable,10
clock,10
universe,10
1.21,10
ftp,10
standards,10
ike,10
tawa,10
kama,10
followed,10
choose,10
roles,10
tea,10
phones,10
ilo,10
market,10
bluesky,10
󱤴󱤬󱥭,10
abilities,9
secret,9
balance,9
attack,9
muted,9
whilst,9
foss,9
peak,9
sit,9
obscure,9
confirm,9
ed,9
foot,9
synced,9
mention,9
climate,9
demo,9
keeping,9
bet,9
connecting,9
p2w,9
trip,9
coffee,9
axiom,9
flat,9
qol,9
nether,9
markdown,9
cards,9
generic,9
minor,9
clue,9
dependencies,9
corner,9
min,9
eyes,9
lobby,9
tells,9
situation,9
spelt,9
singleplayer,9
loud,9
jumpscare,9
range,9
calls,9
coward,9
kid,9
susbucks™,9
lights,9
articles,9
plant,9
shared,9
ohh,9
forum,9
mentions,9
hands,9
bearcat,9
description,9
bomb,9
leaves,9
aggressively,9
obvious,9
slot,9
filled,9
bed,9
busy,9
scared,9
wine,9
directories,9
rename,9
switching,9
democrats,9
mac,9
fork,9
lists,9
nix,9
&&,9
13,9
caught,9
patched,9
hmmmm,9
output,9
degrees,9
rohee,9
reload,9
gradle,9
wiped,9
ruined,9
success,9
objectively,9
rigged,9
comedy,9
modules,9
packages,9
#1,9
struggling,9
conversations,9
vanilla,9
spoilers,9
science,9
built-in,9
border,9
runefy,9
site,9
products,9
boxes,9
workers,9
special,9
slight,9
blocker,9
32,9
they'll,9
won,9
python3,9
nixos,9
3ds,9
wing,9
raspberry,9
quote,9
drama,9
󱤪󱤪󱤪,9
bullshit,9
nonsense,9
99%,9
macbook,9
opposite,9
pattern,9
holy,9
200,9
q,9
origin,9
fear,9
charge,9
desk,9
arguing,9
heavily,9
sources,9
remind,9
blah,9
cinematic,9
positive,9
bread,9
poster,9
trans,9
satire,9
platform,9
material,9
extreme,9
80,9
50,9
90,9
blank,9
devs,9
wood,9
counts,9
speech,9
ona,9
anu,9
rule,9
[1-9],9
dog,9
rpg,9
hitler,9
dd,9
correctly,9
obnoxious,9
disaster,9
types,9
sentences,9
holes,9
teach,9
je,9
president,9
instagram,9
racist,9
timezones,9
requirements.txt,9
um,9
anmore,9
lions,9
theatre,9
iona,9
tbd,9
bits,9
strong,8
teams,8
trees,8
worlds,8
contains,8
tragedy,8
searched,8
heavy,8
countdown,8
allowing,8
3rd,8
hotbar,8
sky,8
himself,8
wanting,8
potentially,8
whitelist,8
diamondfire,8
ferry,8
tone,8
matters,8
90%,8
generation,8
emojis,8
drivers,8
compatibility,8
curl,8
wasting,8
maker,8
among,8
returned,8
guild,8
removing,8
newer,8
frequently,8
systems,8
localhost,8
falling,8
combat,8
subject,8
throat,8
fall,8
yellow,8
—,8
volume,8
footage,8
export,8
🔴,8
external,8
^^^,8
upset,8
provide,8
policy,8
poorly,8
copilot,8
felt,8
bow,8
bob,8
translate,8
verification,8
proof,8
shaders,8
lore,8
areas,8
plants,8
direct,8
straw,8
oops,8
padre,8
refused,8
copied,8
slash,8
scary,8
concerned,8
dependency,8
detection,8
copies,8
uninstall,8
infinitely,8
dir,8
genre,8
flatpak,8
beside,8
v2,8
requests,8
becomes,8
fetch,8
syntax,8
<,8
spaces,8
burn,8
mana,8
delayed,8
mountain,8
confident,8
joins,8
reopen,8
bedwars,8
personally,8
upgrade,8
tos,8
grab,8
weapon,8
forward,8
bananas,8
identity,8
divide,8
secure,8
i’d,8
he’s,8
replacement,8
included,8
boots,8
dm,8
configuring,8
nuke,8
picked,8
dislike,8
fly,8
wick,8
compatible,8
comments,8
brand,8
sans,8
comic,8
forgor,8
existing,8
sort,8
movies,8
stackoverflow,8
width,8
cosmetic,8
😬,8
kicks,8
fallacy,8
sketchy,8
delay,8
annoyed,8
bullying,8
opera,8
gx,8
op,8
thinks,8
price,8
selling,8
flags,8
booting,8
bonus,8
direction,8
mmm,8
usable,8
behaviour,8
wii,8
quebec,8
compiled,8
toe,8
healthcare,8
famous,8
h,8
method,8
installation,8
hinkle,8
drawing,8
ending,8
partially,8
network,8
bag,8
edge,8
songs,8
field,8
kits,8
fractions,8
spending,8
values,8
31,8
wah,8
invite,8
retrieved,8
reckon,8
seven,8
grandfather,8
driving,8
chunks,8
===,8
24,8
dms,8
configured,8
elon,8
mario,8
nor,8
leaving,8
stab,8
👏,8
makers,8
penis,8
sin,8
ante,8
tu,8
musk,8
triangle,8
macros,8
physical,8
accurate,8
parts,8
suggested,8
pause,8
today's,8
isenabled,8
steve,8
position,8
anywhere,8
bridge,8
guns,8
democracy,8
stupidest,8
le,8
classes,8
battle,8
dock,8
heads,8
gpt,8
document,8
ali,8
tour,8
wet,8
ring,8
1.5,7
depth,7
70,7
strike,7
listening,7
scale,7
/s,7
seemed,7
details,7
graphic,7
planet,7
tldr,7
folders,7
moral,7
joe,7
ridiculous,7
helping,7
fits,7
participate,7
impact,7
letting,7
pretend,7
permission,7
1000,7
horse,7
viaversion,7
finishing,7
ipod,7
chain,7
docker,7
implementation,7
handling,7
hurt,7
element,7
sections,7
lung,7
designing,7
skull,7
france,7
boss,7
balatro,7
third,7
beg,7
rq,7
dropped,7
destroying,7
\_\_\,7
listened,7
󱤀󱤀󱤀,7
tracker,7
animations,7
controls,7
examples,7
thumbnail,7
advantage,7
capitalize,7
memes,7
soundtrack,7
thousand,7
feed,7
weren't,7
kernel,7
pacman,7
pure,7
noting,7
mediocre,7
draft,7
saturday,7
da,7
wget,7
programs,7
fighting,7
accident,7
backwards,7
coin,7
remaining,7
shown,7
icons,7
fps,7
slots,7
backend,7
poaceae,7
energy,7
mb,7
npcs,7
<t:1697846400:r>,7
fancier,7
blam,7
calm,7
textual,7
bs,7
stand,7
surprised,7
tasks,7
deleting,7
renegade,7
edited,7
performance,7
taught,7
duck,7
conservative,7
parties,7
unzip,7
usage,7
exit,7
depending,7
staying,7
prior,7
pushing,7
merge,7
reach,7
dies,7
commits,7
something's,7
round,7
auto-welcome,7
nicer,7
became,7
guard,7
locations,7
knife,7
crisis,7
military,7
mcdonalds,7
developed,7
lunar,7
population,7
mobs,7
originally,7
confirmed,7
thin,7
intended,7
posts,7
pvs,7
follows,7
artist,7
locally,7
approve,7
term,7
becoming,7
pig,7
reply,7
widget,7
gambling,7
kirk,7
screenshots,7
templeos,7
hobbies,7
beating,7
spectrum,7
dvd,7
dare,7
clicks,7
nasa,7
variables,7
humans,7
touched,7
define,7
extensions,7
cancel,7
16,7
everyone's,7
venv,7
skin,7
angle,7
passed,7
1.6,7
chair,7
framework,7
hating,7
hasn't,7
born,7
wheel,7
incorrect,7
2026,7
g,7
adapter,7
bought,7
baoding,7
posting,7
database,7
mouth,7
inherently,7
consent,7
searching,7
discontinued,7
chinese,7
nazi,7
ndp,7
💀💀💀,7
won’t,7
budget,7
visit,7
closer,7
backpack,7
flash,7
culture,7
alpha,7
distance,7
ratio,7
result,7
territory,7
digital,7
disgusting,7
unusable,7
arc,7
3:2,7
tweak,7
bracket,7
fingers,7
steering,7
elif,7
unlock,7
bash,7
ton,7
relatively,7
friendly,7
sea,7
trending,7
nanpa,7
sama,7
address,7
joefy,7
pronouns,7
greatest,7
gay,7
disappear,7
announced,7
ride,7
insanely,7
iran,7
asleep,7
compass,7
assure,7
moku,7
ender,7
crane,7
🤬,7
season,7
main.py,7
😡,7
authoritarian,7
poor,7
afterwards,7
1h,7
10am,7
capitalist,7
whoever,7
william,7
nxcfw,7
statmanager,7
row,7
outcome,7
threads,7
windowsi,7
ought,6
chaos,6
appearance,6
shop,6
complex,6
centered,6
wire,6
suggest,6
arduino,6
ide,6
category,6
solve,6
licenses,6
showing,6
ccapi,6
3000,6
pizza,6
indicators,6
bricks,6
weirdly,6
padre's,6
sb,6
interacted,6
unlocked,6
unable,6
profit,6
proton,6
nvidia,6
classic,6
replacing,6
cs,6
oof,6
fucked,6
speedrun,6
floor,6
maintain,6
animation,6
air,6
doors,6
alive,6
],6
peculiar,6
acc,6
till,6
misclick,6
living,6
cry,6
\_\,6
configuration,6
saving,6
router,6
cursor,6
intelligence,6
you’ll,6
nuclear,6
review,6
41,6
reminder,6
sex,6
national,6
🤮,6
vpn,6
facebook,6
plural,6
shorts,6
pasted,6
student,6
lots,6
schools,6
where's,6
cracked,6
powerful,6
ouch,6
physically,6
fail,6
<:bbobb:929840494383607850>,6
drawn,6
reached,6
percentage,6
scaling,6
omg,6
wynncraft,6
bg,6
animals,6
18,6
prob,6
evidence,6
snow,6
transferred,6
announcements,6
unix,6
ill,6
garbage,6
dig,6
uploading,6
ooo,6
arrow,6
rpi,6
v1.1.1,6
reads,6
advice,6
cases,6
60,6
cheap,6
alberta,6
bubble,6
copying,6
inputs,6
expand,6
null,6
codebase,6
tries,6
rate,6
usual,6
unzipping,6
launch,6
scify's,6
splatoon,6
conclusion,6
roll,6
hypixel,6
broadcast,6
credit,6
noise,6
annoy,6
[hexa,6
politically,6
#2,6
detail,6
addons,6
occurred,6
warnings,6
kitchen,6
angry,6
lts,6
apart,6
ice,6
laggy,6
deletes,6
sell,6
entity,6
trusted,6
forcing,6
copyright,6
roguefy,6
blockers,6
november,6
dangerous,6
sam,6
german,6
wind,6
wave,6
sudoku,6
sake,6
distros,6
motor,6
hytale,6
larger,6
microphone,6
burning,6
resets,6
e4mc,6
failure,6
sets,6
installer,6
responding,6
server.jar,6
plastic,6
dell,6
lead,6
era,6
serious,6
wayland,6
engines,6
mmmm,6
kiddie,6
research,6
tic,6
tac,6
epstein,6
spinning,6
/.config/fish/config.fish,6
reboot,6
corrupted,6
2023,6
appreciate,6
󱥄󱤷󱤉󱥞,6
bible,6
signed,6
bait,6
2022,6
archive.org,6
spite,6
leftist,6
streaming,6
police,6
orange,6
amazon,6
layout,6
cables,6
fell,6
york,6
hundred,6
anniversary,6
aren’t,6
reminds,6
catch,6
liberals,6
supposedly,6
bank,6
donald,6
distinction,6
columbia,6
elections,6
onion,6
socialism,6
zoomed,6
younger,6
wonderful,6
recovery,6
studies,6
18.0,6
blob,6
impressive,6
men,6
mp3,6
chronically,6
crew,6
business,6
protest,6
aspect,6
textures,6
quotes,6
300,6
owning,6
door,6
ragebait,6
bias,6
admit,6
walked,6
across,6
present,6
engine_force,6
64,6
temporary,6
uploaded,6
sweden,6
table,6
disney,6
series,6
moli,6
nasin,6
prison,6
religious,6
lied,6
enwi,6
ale,6
recognize,6
hair,6
germany,6
global,6
plane,6
fade,6
finger,6
crime,6
pixels,6
nooo,6
geometry,6
equ,6
collection,6
solder,6
slang,6
slime,6
owned,6
pretending,6
people's,6
route,6
quit,6
hotkey,6
sun,6
americans,6
axe,6
reacted,6
october,6
brackets,6
un,6
embed,6
themselves,6
en,6
nato,6
4th,6
indicator,6
bros,6
fool,6
overthrow,6
fights,6
dfscreencap,6
spamming,6
replied,6
tsk,6
world's,6
hater,6
whistler,6
flashlights,6
evolution,6
circle,6
covid,6
protesters,6
straight,6
bosses,6
trigger,6
anticheat,6
shoes,6
act,6
mekanism,6
drunk,6
float,6
val,6
yaw,6
[the,6
owe,6
plain,6
rain,6
tan,6
󱦄,6
󱤀︁,6
󱥤󱤣,6
󱤪󱤪󱦖󱤌󱤪,6
republic,6
spigot,6
@here,5
incomplete,5
resources,5
linear,5
forgetting,5
emacs,5
apologies,5
guidelines,5
claimed,5
nugget,5
5000,5
flashing,5
emulator,5
hack,5
lonk's,5
17th,5
critical,5
gpl,5
hearing,5
selection,5
bypass,5
commercial,5
yacht,5
her,5
accessible,5
subjective,5
scrapped,5
ew,5
maintained,5
they'd,5
tps,5
waited,5
sharing,5
1.21.1,5
porting,5
chart,5
[],5
hover,5
imported,5
1.21.4,5
awake,5
ruins,5
froze,5
minimum,5
requirements,5
atlas,5
enemy,5
[,5
bone,5
lawyer,5
sebastian,5
latin,5
pronounce,5
enabling,5
friday,5
generator,5
cereal,5
󱤴󱥬󱤉󱥬󱥔,5
🤣,5
revival,5
applies,5
communicating,5
tracks,5
eggs,5
∞,5
fiction,5
suggests,5
scheme,5
collina,5
doctor,5
economy,5
toronto,5
pride,5
kick,5
britain,5
brown,5
voting,5
socks,5
spoke,5
repeating,5
distracted,5
calendar,5
why'd,5
hearts,5
chances,5
obtain,5
gain,5
pointing,5
supporting,5
latter,5
narrow,5
leaf,5
eg,5
zones,5
color,5
tall,5
hyprland,5
whoa,5
supported,5
accept,5
token,5
announcement,5
pings,5
cooler,5
pr,5
comparison,5
spreadsheet,5
compiling,5
curve,5
godot's,5
zero,5
uninstalling,5
developfy,5
45,5
scream,5
guy's,5
mexico,5
match,5
texas,5
california,5
recursive,5
bloated,5
16gb,5
oooh,5
handles,5
self,5
tar,5
stroke,5
blocking,5
conflict,5
showed,5
shutdown,5
application,5
swap,5
highest,5
gnu,5
screw,5
listener,5
subtract,5
forgotten,5
statements,5
vscode,5
hotkeys,5
magically,5
irl,5
concrete,5
upgrading,5
coins,5
disconnected,5
how's,5
ello,5
he'll,5
repeatedly,5
billgpt,5
keybinds,5
susbucks,5
grinding,5
phase,5
priority,5
upon,5
retired,5
msg,5
sobbing,5
banana,5
boat,5
dementia,5
😱,5
lack,5
gray,5
school's,5
convincing,5
guis,5
combo,5
individual,5
scripts,5
rude,5
benefits,5
sand,5
winter,5
technical,5
cheating,5
valley,5
im,5
held,5
planned,5
lord,5
tap,5
dungeonfy.minehut.gg,5
intend,5
cactus,5
total,5
6th,5
5th,5
alternatively,5
disc,5
rod,5
metadata,5
voted,5
optifine,5
fonts,5
messaged,5
kokanu,5
drinking,5
26,5
imaginary,5
hint,5
autowelcometoggle,5
registering,5
purely,5
unmuted,5
timing,5
unlike,5
korea,5
freedom,5
burtle,5
tickets,5
procrastinating,5
origins,5
dot,5
spotted,5
popups,5
minecraft's,5
modify,5
spinoff,5
simulation,5
witherien,5
summer,5
driver,5
hitting,5
recording,5
swapped,5
alternative,5
mamdani,5
country's,5
scratch,5
󱥵󱤀,5
󱥬󱤀,5
unstable,5
inconvenient,5
nerfed,5
immigrants,5
understood,5
terrorism,5
logs,5
2012,5
frontend,5
height,5
pre,5
caused,5
component,5
guarantee,5
starship,5
>>,5
macbooks,5
hdd,5
pokémon,5
enjoy,5
spyware,5
spanish,5
reverse,5
bingo,5
2.0,5
nft,5
virtual,5
hitboxes,5
4:3,5
monitors,5
tournament,5
vm,5
effects,5
lite,5
👎,5
conservatives,5
nowhere,5
humour,5
washington,5
soul,5
jobs,5
annoys,5
socialist,5
we’ll,5
fresh,5
critically,5
ideology,5
kijetesantakalu,5
weather,5
batteries,5
shape,5
rubber,5
tape,5
chess,5
aaaaa,5
vi,5
pressed,5
hyperbolic,5
pdf,5
picking,5
target,5
net,5
loaded,5
rip,5
near,5
labelled,5
grabbing,5
technology,5
opus,5
potential,5
listed,5
50.64.0.11,5
wide,5
kitty,5
tier,5
covered,5
trash,5
plug,5
fediverse,5
mixins,5
partition,5
1%,5
gooey,5
raining,5
movement,5
steps,5
indie,5
although,5
he'd,5
yours,5
peaceful,5
suggesting,5
acronym,5
hang,5
massive,5
hardware,5
ts,5
98,5
bo,5
burnham,5
scam,5
wheels,5
cars,5
stage,5
fools,5
unclear,5
club,5
strategy,5
19,5
loved,5
iris,5
delta,5
christ,5
racism,5
bold,5
spongebob,5
posters,5
denmark,5
constitution,5
󱥈󱥞,5
nazis,5
compact,5
coast,5
career,5
🥳,5
anagram,5
funniest,5
grub,5
insert,5
transparent,5
owns,5
photoshop,5
legally,5
unfair,5
located,5
nerds,5
quest,5
pictures,5
fired,5
leader,5
cents,5
helped,5
polls,5
spin,5
10000,8
survival,5
bores,5
redstone,5
temple,5
thunderbolt,5
phrased,5
yeezys,5
explained,5
eachother,5
explaining,5
wallet,5
du,5
waterfront,5
legs,5
hunger,5
clanker,5
villages,5
dragon,5
duh,5
clippy,5
crashing,5
pokemon,5
ngrok,5
congratulations,5
glasses,5
powershell,5
fr,5
beef,5
wipe,5
df,5
requirement,5
mcdiamondfire,5
💬,5
medicine,5
de,5
town,5
belcarra,5
religion,5
shelf,5
scotland,5
we’ve,5
standing,5
japan,5
25%,5
stock,5
containers,5
luigi,5
chest,5
candy,5
biomes,5
asks,5
cloudflared,5
requiring,5
dink,5
🚧,5
dfylevels,5
awareness,5
minecraftclient.getinstance().player.setbodyyaw(yaw,5
misc,5
kitsilano,5
1st,5
invited,5
adhd,5
feet,5
throwing,5
󱤴󱥩,5
󱥤󱤒,5
󱥞󱥩󱥏,5
󱥖󱥇󱥫,5
󱤑󱥅󱥄,5
󱥄󱤃󱤄󱤉󱤴󱤬󱥪󱤇󱤝,5
󱥞󱤭󱤉󱤛,5
󱤧󱥷󱤉󱤌󱤜,5
󱤑󱤱󱥄,5
󱥄󱤃󱤂󱤉󱤴󱤬󱥠󱥨,5
storyline,5
unique,5
shoutout,5
pen,5
suspected,5
agi,5
shutting,5
pls,5
pressing,5
ipa,5
scrap,5
suspicious,5
gru,5
checks,5
/give,5
rolling,4
split,4
teaching,4
unlocks,4
scope,4
aaa,4
blurry,4
repair,4
editors,4
compression,4
animated,4
sideload,4
stores,4
containing,4
pink,4
youtuber,4
renaming,4
chmod,4
jumping,4
starry's,4
received,4
restrictive,4
avoiding,4
llm,4
communities,4
trains,4
llms,4
flood,4
temp,4
pm,4
selecting,4
ss,4
invent,4
1.21.x,4
siti,4
npc,4
province,4
england,4
she,4
let’s,4
disappointed,4
recode,4
equal,4
passing,4
pair,4
def,4
4️⃣,4
functional,4
paragraph,4
kys,4
optimized,4
jars,4
2009,4
openai,4
patches,4
bajillion,4
modpack,4
customers,4
timer,4
builtin,4
comply,4
ground,4
35,4
zipreader,4
detects,4
ladder,4
trigonometry,4
iteration,4
signs,4
trap,4
spawner,4
self.y,4
villagers,4
closet,4
teachers,4
nuh,4
diamond,4
penguin,4
converting,4
rant,4
24/7,4
󱥔,4
suli,4
integration,4
deprecated,4
prepare,4
tank,4
sharkey,4
collect,4
[this,4
programmers,4
seemingly,4
artificial,4
they’re,4
describing,4
there’s,4
acronyms,4
additionally,4
25565,4
fai,4
relative,4
beginning,4
scene,4
construction,4
bully,4
exchange,4
listing,4
oil,4
silence,4
wearing,4
greens,4
politician,4
principle,4
generating,4
judging,4
lightning,4
ye,4
slide,4
dee,4
displays,4
machines,4
boom,4
tho,4
invest,4
loves,4
dates,4
dice,4
glass,4
glitch,4
whatsoever,4
locking,4
inv,4
explorer,4
hyperbole,4
species,4
12000,4
grows,4
groups,4
rushes,4
chill,4
technoblade,4
drink,4
sports,4
submit,4
sry,4
notifs,4
combined,4
temporarily,4
x11,4
ascii,4
protocols,4
engineering,4
sits,4
ports,4
contents,4
messagefy,4
reconnect,4
@silent,4
splitting,4
trial,4
difficulty,4
hard-coded,4
1.1,4
destination,4
static,4
saves,4
filesystem,4
road,4
shooting,4
prices,4
pops,4
func,4
declare,4
hosts,4
newest,4
adapted,4
consistent,4
integrated,4
combine,4
terraria,4
elect,4
$,4
nogui,4
addon,4
dealing,4
workaround,4
networking,4
reward,4
relic,4
bugged,4
shooters,4
mid,4
spoiler,4
kk,4
gems,4
cookies,4
testers,4
placeholder,4
weapons,4
celeste,4
player's,4
claim,4
hook,4
abuse,4
codes,4
trinity,4
hsb,4
trailer,4
lively,4
activate,4
hacked,4
unaware,4
ambitious,4
maven,4
exception,4
file:/home/chickenman/all,4
incompatible,4
acceptable,4
alert,4
oven,4
stardew,4
dw,4
redo,4
ik,4
sees,4
joe's,4
baked,4
ghosted,4
freezes,4
trillion,4
protects,4
hits,4
causing,4
glow,4
titles,4
gg,4
premium,4
micro,4
paywall,4
constant,4
m&ms,4
sounded,4
minecrafty,4
enemies,4
statue,4
slowed,4
boolean,4
minecraftclient.getinstance().networkhandler?.serverinfo?.address,4
detecting,4
lowering,4
query,4
puzzle,4
charlie,4
study,4
th,4
king,4
drag,4
communication,4
forgets,4
screaming,4
labour,4
australian,4
gatekeeping,4
dumped,4
autism,4
wage,4
downside,4
reviving,4
loops,4
widgets,4
roadmap,4
generates,4
coords,4
spoiled,4
whatsapp,4
sunk,4
dimension,4
huh,4
avoided,4
installs,4
copper,4
explode,4
mmorpg,4
embedded,4
challenge,4
cc,4
sold,4
󱥬󱦖󱥔,4
1m,4
backup,4
bounds,4
2024,4
overlap,4
aether,4
essential,4
escape,4
paragraphs,4
portable,4
invisible,4
terrifying,4
sync,4
librewolf,4
leads,4
camp,4
stayed,4
ng,4
dia,4
somewhat,4
󱦠󱤌󱤘󱥐,4
comma,4
shell.nix,4
surprisingly,4
99.9%,4
native,4
esperanto,4
bloat,4
leds,4
blackberry,4
fundamentally,4
nano,4
particles,4
5s,4
󱤴󱤌󱥀󱤀,4
politicians,4
peace,4
ls,4
shouldn’t,4
puts,4
init,4
devices,4
goop,4
paused,4
tails,4
grind,4
français,4
administrator,4
marks,4
recognition,4
runes,4
tube,4
selected,4
daemon,4
fee,4
roughly,4
sock,4
override,4
repos,4
haven’t,4
startup,4
󱥙,4
rage,4
artists,4
playlist,4
camera,4
singing,4
jb,4
object,4
tim,4
binary,4
lotsa,4
ripped,4
drugs,4
india,4
assumption,4
episodes,4
donut,4
leveling,4
buses,4
zohran,4
empire,4
vast,4
consumed,4
8.1,4
󱥄󱤶󱤉󱤔󱥔,4
slur,4
controller,4
ancient,4
broadway,4
recession,4
length,4
facts,4
guardian,4
trail,4
hire,4
capitalized,4
cad,4
zoom,4
birthday,4
prevent,4
antenna,4
recompiling,4
pocket,4
forwarding,4
2007,4
album,4
messed,4
ear,4
serial,4
skipping,4
hitbox,4
purchasing,4
obtained,4
mall,4
myed,4
em,4
eastern,4
ds,4
corporate,4
bird,4
playable,4
floodgate,4
continues,4
b1.7.3,4
interpreter,4
coreutils,4
interactive,4
savvy,4
10%,4
limited,4
blueprint,4
shipping,4
gimmick,4
loose,4
london,4
cheaper,4
score,4
goo,4
gavriil's,4
democratic,4
50%,4
forces,4
🔥,4
bricked,4
truth,4
reporting,4
sanity,4
687,4
separated,4
cloud,4
ass,4
logan,4
nothing's,4
advertising,4
stopping,4
optimize,4
actions,4
unknown,4
ost,4
pck,4
beloved,4
exported,4
verifying,4
neighbourhood,4
necessarily,4
member,4
nugglin,4
pei,4
safety,4
invade,4
negative,4
specify,4
stake,4
malware,4
drew,4
excuse,4
cons,4
flipped,4
lipu,4
pirating,4
famously,4
o|x|o,4
browsing,4
fat,4
ship,4
bss,4
seasons,4
switzerland,4
soldering,4
leg,4
stealing,4
piracy,4
rabbit,4
where'd,4
rock,4
homepage,4
valve,4
bitlocker,4
craft,4
kt,4
pinning,4
yelling,4
episode,4
fishingtoggle,4
fishingnotif,4
istrue,4
oldest,4
civil,4
pinging,4
weight,4
chromeos,4
collecting,4
counting,4
loot,4
stars,4
bing,4
60hz,4
shelves,4
contribute,4
vomit,4
debate,4
quests,4
banning,4
desire,4
nap,4
rings,4
thanksgiving,4
optionally,4
henry.841,4
bowl,4
dictator,4
fluent,4
recycling,4
consciousness,4
declared,4
crafting,4
rejoin,4
implies,4
learnt,4
loggers,4
virus,4
http,4
mixed,4
shower,4
accepted,4
hallucinating,4
🗣️,4
gender,4
spells,4
tingly,4
winning,4
killer,4
votes,4
bat,4
mouse’s,4
nation,4
reader,4
😂,4
surface,4
uninformed,4
emails,4
adventures,4
bookshelf,4
palette,4
mcpixelate,4
47m,4
2h,4
⭐,4
pemberton,4
led,4
involve,4
clickbait,4
radical,4
marked,4
applied,4
christian,4
exam,4
defined,4
tokens,4
desyncd,4
65,4
titled,4
affect,4
sarcasm,4
/gen,4
industrialization,4
tee,4
dc,4
uhhhh,4
bottle,4
executable,4
persistent,4
hostinger,4
bitch,4
grape,4
chamber,4
converted,4
this'll,4
storing,4
sql,4
slower,4
grindy,4
june,4
dreams,4
1.2.x,4
dupe,4
disky,4
susceptibility,4
deltax,4
highlighting,4
variation,4
grok,4
keybinding,4
logged,4
myrrh,4
1644,4
zed,4
streak,4
hammer,4
objective,4
reaches,4
estonia,4
cultural,4
pas,4
herbet,4
gang,4
marketing,4
crawford,4
sike,4
monarchy,4
autistic,4
centrist,4
viggle,4
30th,4
conflicts,4
ruin,4
󱥄󱥶,4
󱥁︁󱤧󱤻󱥨,4
ignoring,4
󱤪󱦖󱤌󱤪󱦖󱤂󱤪󱦖󱤂,4
󱤪󱤪󱤪󱦖󱤂,4
󱤶󱤡󱥞󱤾,4
󱤑󱤧󱤓󱤇󱤓󱤂󱤡󱥔,4
󱥋󱥦󱤧󱤬󱤰󱥚,4
󱥆󱤧󱥋󱤽󱥳󱥩󱤑,4
lon,4
mom,4
ottawa,4
steamos,4
vertices.vertex(this.pose,4
steals,4
anywho,4
pinged,4
meta,4
o7,4
sword,4
flying,4
yearbook,4
sigma,4
revived,4
‫,4
scammer,4
>test_billgpt,4
tested,4
strive,4
norms,4
strings,4
ᵃ,4
mist,4
authentication,4
fandom,4
<div,4
2000,4
workshop,4
bukkit,4
noteblock,3
shortcuts,3
wip,3
gaslit,3
ii,3
remaking,3
recreating,3
apple's,3
ecosystem,3
loser,3
unofficial,3
webhooks,3
coordinates,3
bookmark,3
sooner,3
automate,3
extremely,3
popos,3
summary,3
licensed,3
automated,3
capable,3
concern,3
centers,3
pro-ai,3
gpl-3,3
cutoffs,3
limiting,3
high-quality,3
diminishing,3
copyrighted,3
ticket,3
bannable,3
advertised,3
kicked,3
printing,3
discussions,3
boats,3
lootboxes,3
gofundme,3
disprove,3
queen,3
tomb,3
acts,3
travel,3
builds,3
ipad,3
❯,3
uuid,3
jack,3
exploit,3
deck,3
improved,3
sourced,3
ohhhh,3
regex,3
gamemaker,3
bare,3
beard,3
relate,3
tetrenary,3
digit,3
inclusive,3
rewriting,3
minecraftclient,3
softcoding,3
repeated,3
attitude,3
necessary,3
sacrifice,3
practice,3
jam,3
28,3
frozen,3
plank,3
units,3
[l],3
attributes,3
recommendation,3
smp,3
representative,3
mazes,3
compressed,3
entirety,3
unpopular,3
fanta,3
󱦂~~󱤸~~󱥍󱥍󱤌,3
stays,3
sadness,3
crying,3
🟡,3
legacy,3
🟢,3
prints,3
<sound:0:1>,3
laugh,3
<t:0:r>,3
day's,3
👀,3
author,3
ashkually,3
laundering,3
pronounced,3
citizenship,3
guaranteed,3
immigration,3
trading,3
continent,3
panicked,3
vsb,3
district,3
feedback,3
rough,3
spawns,3
asterix,3
bear,3
souls,3
lua,3
attempts,3
farming,3
union,3
temperature,3
flask,3
pigs,3
moves,3
ironic,3
datapack,3
fatal,3
bloatware,3
nearly,3
commonly,3
natural,3
lawns,3
crops,3
maize,3
wheat,3
provides,3
supplies,3
20%,3
needed],3
bamboo,3
conversion,3
alternate,3
adaptation,3
grasslands,3
sedges,3
entering,3
settled,3
ya,3
56,3
relics,3
closely,3
fuel,3
grow,3
exclusive,3
hmmmmm,3
tax,3
/nick,3
arm,3
usernames,3
disappeared,3
hotfix,3
contributing,3
notify,3
excel,3
horror,3
misunderstood,3
decision,3
abstraction,3
forms,3
haste,3
capped,3
uncle,3
housing,3
republicans,3
processes,3
listeners,3
blow,3
unnecessary,3
everywhere,3
node,3
ooh,3
distributing,3
v1.1.2,3
v1.1.3,3
closing,3
published,3
req,3
executing,3
1:1,3
eula,3
hardcode,3
forked,3
health/reality,3
dual,3
dolphin,3
1.17.1,3
1.20.1,3
celsius,3
rolled,3
cook,3
arbitrarily,3
damaged,3
debugging,3
shove,3
lame,3
<none>,3
☻,3
alias,3
/crash-me,3
bald,3
afk,3
executed,3
timestamp,3
ig,3
non,3
vocabulary,3
hematite,3
grey,3
dropping,3
tacks,3
+1,3
2018,3
brightness,3
approved,3
ominous,3
falls,3
odysee,3
crafter,3
<#960326879775162418>,3
skip,3
inspired,3
represent,3
refresh,3
easter,3
tysm,3
determine,3
radius,3
disrespect,3
screens,3
boxed,3
flatpaks,3
suddenly,3
2%,3
cloning,3
imessage,3
monopoly,3
tiny,3
gitlab,3
kart,3
toaster,3
lacking,3
jei,3
zombie,3
yk,3
dynamic,3
eye,3
arrived,3
cake,3
gen,3
🤔,3
balanced,3
degree,3
pee,3
bobber,3
checker,3
rebuild,3
competition,3
feather,3
confusion,3
penls,3
presuming,3
silent,3
eh,3
smarties,3
nov,3
zombies,3
satisfying,3
podcast,3
ignored,3
elements,3
hud,3
heres,3
isolate,3
gut,3
knockoff,3
wife,3
mic,3
imperial,3
comically,3
terry,3
cube,3
purposely,3
authority,3
1.20.4+,3
das,3
kapital,3
variety,3
🙂,3
launching,3
shamelessly,3
someones,3
renders,3
communicate,3
pst,3
150,3
iphones,3
chunk,3
biome,3
shoved,3
piston,3
bee,3
bees,3
lan,3
facing,3
distribution,3
disappointment,3
spots,3
realistic,3
workspaces,3
breakfast,3
yahoo,3
mcafee,3
vertical,3
themes,3
l.a,3
gtg,3
/trash,3
contain,3
gigabytes,3
userdata,3
v3.0,3
homework,3
warranty,3
mit,3
thankful,3
simplfy,3
inconsistent,3
talks,3
unrealistic,3
/trade,3
42,3
pal,3
censorship,3
publish,3
chapter,3
sponsor,3
zone,3
converts,3
pasting,3
gamer,3
elementary,3
8th,3
diamonds,3
everybody,3
lukin,3
nyc,3
patriotism,3
󱥢,3
encrypted,3
input/output,3
inconvenience,3
npm,3
freeze,3
triple,3
corrupt,3
nintendo's,3
consoles,3
unlimited,3
bacon,3
productive,3
hacking,3
warpol,3
activities,3
regular,3
anyone's,3
%,3
hinkle.ca,3
tv,3
finds,3
destroy,3
trivially,3
canvas,3
chatbot,3
siri,3
prize,3
professional,3
could’ve,3
ordered,3
apt-get,3
autoremove,3
ears,3
asshole,3
propaganda,3
disk,3
sd,3
ps5,3
tuned,3
january,3
horrors,3
unplug,3
crank,3
patriot,3
󱤬,3
translates,3
spoken,3
4pm,3
philosophy,3
santa,3
/wiː,3
taɪp,3
wɪθ,3
aɪˈpiːˈeɪ/,3
3.0,3
http://henryvaniersel.ca/new-site.html,3
login,3
momentarily,3
rtc,3
netscape,3
mosaic,3
compromise,3
blobs,3
blobsaver,3
van,3
sore,3
3.5,3
2020,3
$100000,3
whose,3
met,3
nay,3
eckert,3
slaves,3
cuba,3
venezuela,3
turkey,3
rabbithole,3
wa,3
blending,3
mental,3
leak,3
michigan,3
slave,3
supply,3
hex,3
sdk,3
aquire,3
󱤴󱥷󱤷󱥞󱤉󱥞,3
jaki,3
ducks,3
misread,3
ultrawide,3
ids,3
tangent,3
criticize,3
controlled,3
variant,3
hop,3
investing,3
junk,3
brave,3
telemetry,3
chuck,3
bobbio,3
1994,3
significance,3
mronline.org/wp-content/uploads/2018/07/bobbio-norberto-left-and-right-significance,3
political-distinction.pdf,3
flaws,3
2017,3
jordan,3
beam,3
increasingly,3
pays,3
demographic,3
protests,3
edward,3
snowden,3
dude,3
com,3
schizophrenic,3
walls,3
frequency,3
trucks,3
st,3
street,3
2nd,3
22,3
dos,3
redirect,3
dimensions,3
parody,3
ssl,3
/sit,3
legible,3
95,3
sileo,3
glhf,3
print("wow,3
bean,3
closes,3
admittedly,3
nginx,3
777,3
records,3
kiddies,3
crazycattle3d,3
discordo,3
march,3
education,3
optional,3
arg,3
warm,3
190,3
matching,3
successful,3
checkers,3
highlight,3
visual,3
19132,3
sidebar,3
template,3
lowercase,3
dashes,3
documented,3
fixable,3
betterf3,3
cam,3
aforementioned,3
cursed,3
cheat,3
sensitivity,3
fried,3
/tmp,3
piss,3
predicted,3
soonish,3
smallest,3
overpriced,3
tied,3
1.4,3
snap,3
powers,3
homebrew,3
shade,3
compiler,3
tired,3
bright,3
collective,3
libertarian,3
left/right,3
democrat,3
edgy,3
experienced,3
layer,3
recommending,3
liking,3
collectors,3
reports,3
misinformation,3
violence,3
thou,3
weak,3
2004,3
gb,3
devel,3
pong,3
electrons,3
suite,3
deeper,3
arabic,3
assignment,3
deny,3
diseased,3
unit,3
thumbs,3
cyberpunk,3
modified,3
cleft,3
selector,3
clutter,3
joking,3
stacked,3
gl,3
redirects,3
ngl,3
viewing,3
unfinished,3
minimap,3
discord's,3
beautiful,3
scraper,3
ctrl+c,3
popcorn,3
fascist,3
haiti,3
women,3
motivational,3
misunderstanding,3
complexity,3
waking,3
2pm,3
rooms,3
maximum,3
accordingly,3
grid,3
crack,3
sticking,3
upgraded,3
outlook,3
󱤂,3
tongue,3
reinstall,3
rats,3
centerist,3
registered,3
hill,3
pali,3
involves,3
1800s,3
peggle,3
butt,3
protesting,3
pointless,3
hosted,3
helmet,3
attempted,3
displaying,3
ford,3
…,3
ceo,3
abruptly,3
sys_stack,3
jmp,3
multiboot_header_magic,3
multiboot_header_flags,3
soft,3
forcibly,3
income,3
tesla,3
umm,3
disturbing,3
gentoo,3
marquee,3
donate,3
rendered,3
comp,3
dfymuseum,3
bullet,3
<#1249925115014152286>,3
adventure,3
respect,3
dungeonfy-related,3
moments,3
kotlin's,3
laptops,3
mojang,3
sleepy,3
togglefishingnotif,3
increases,3
pulled,3
trimmed,3
curiosity,3
fabric/quilt,3
sue,3
ourselves,3
brawl,3
inevitable,3
<#953732118217916416>,3
8k,3
connector,3
standardize,3
sometime,3
mildly,3
protect,3
technique,3
biden,3
golf,3
cluttered,3
enchant,3
buff,3
vacation,3
woman,3
perchance,3
salt,3
underwhelming,3
macaroni,3
truck,3
avatar,3
worker,3
mars,3
palantir,3
entered,3
dooming,3
upsetting,3
deaths,3
overthrowing,3
planes,3
suis,3
extremist,3
highway,3
sponsored,3
genocide,3
mohammad's,3
aid,3
9am,3
robots,3
clankers,3
mission,3
funding,3
poland,3
thompson,3
luka,3
enchanting,3
drops,3
semester,3
indigenous,3
september,3
dear,3
82.180.162.162,3
eternal,3
happily,3
🤪,3
bumfuzzled,3
ell,3
organs,3
walks,3
desync,3
interactions,3
python's,3
lasts,3
staddr,3
xceislor,3
repeat,3
nearest,3
offhand,3
outputs,3
ctrl+d,3
cmd,3
stomach,3
codeclient,3
committing,3
sundays,3
cower,3
assigned,3
elected,3
ramblings,3
seat,3
2030,3
disease,3
wayback,3
moose,3
microsd,3
rufus,3
latest.png,3
tourists,3
2356,3
1390,3
33m,3
csv,3
bike,3
veritasium,3
measure,3
andrade,3
quiz,3
timeline,3
father,3
spirit,3
grabbed,3
sued,3
2025/11/17,3
wikipedia's,3
opportunity,3
dr,3
trick,3
wise,3
anki,3
vroom,3
communists,3
fascism,3
norway,3
prime,3
1/3,3
1.3,3
japanese,3
sane,3
components,3
diplomacy,3
dip,3
kicking,3
xraying,3
bro,3
five,3
ooga,3
pretended,3
hungry,3
soweli,3
\|\,3
favourites,3
xms12288m,3
xmx12288m,3
startmc.sh,3
measles,3
delays,3
censor,3
leaking,3
blur,3
extract,3
rotation,3
et,3
painful,3
madness,3
behold,3
err,3
kosmos,3
inuit,3
backups,3
unblocked,3
tor,3
shouldn't've,3
lawsuit,3
tw,3
halloween,3
ĝ,3
burned,3
/ban,3
former,3
europeans,3
jd,3
bodyyaw,3
embarrassing,3
braces,3
operations,3
zoxide,3
barebones,3
ra's,3
dried,3
rapidly,3
flight,3
beast,3
dagger,3
lucky,3
spiral,3
instantly,3
mistakes,3
1.33,3
ages,3
emi,3
remastered,3
extras,3
handled,3
7zip,3
/warpshortcuts,3
1.0.0,3
profiles,3
revive,3
<#1168731423973326898>,3
birth,3
shorter,3
<:enook_heart:1072381770663739403>,3
novel,3
drawcontext,3
rotate,3
☝️,3
resetting,3
☠,3
dearb,3
⬛🟩🟩🟩⬛,3
clearing,3
twink,3
soare,3
gas,3
odd,3
meat,3
hiding,3
7th,3
participating,3
innocent,3
vibes,3
society,3
deserve,3
cities,3
c'est,3
triggering,3
clearer,3
evan's,3
atm,3
wear,3
agreement,3
class-action,3
stone,3
herbert,3
ant,3
invalid,3
moody,3
blood,3
<#1424903068822011974>,3
spicy,3
<#1462349851856732171>,3
suicide,3
mrs,3
thorvaldson,3
olds,3
comparing,3
express,3
slowmode,3
infrequently,3
mate,3
decoration,3
moon,3
prototype,3
nova,3
󱤪,3
pini,3
󱤴󱥷󱤂,3
󱤘󱤇󱤋,3
󱥙󱥙󱥙,3
nn,3
󱤁,3
󱥑,3
󱥴,3
morse,3
wify,3
proud,3
musi,3
wasm,3
is],3
ma,3
󱤪󱦖󱤂󱤪󱦖󱤌󱤪󱦖󱤂,3
󱤪󱦖󱤂󱤪󱦖󱤌󱤪,3
󱥦󱤀,3
corners,3
eu,3
🤓,3
toxic,3
andor,3
personality,3
appeal,3
passwords,3
tnt,3
pov,3
cult,3
jeans,3
fox,3
pu,3
casually,3
spacing,3
float)this.x1,3
float)this.y1,3
femboy,3
calculators,3
<:enook_congrats:977997305527558235>,3
office,3
2027,3
reminded,3
🍁,3
reviewed,3
res,3
sanctuary,3
4gb,3
ten,3
jod,3
hashtags,3
louis,3
lgbtq,3
nora,3
trivia,3
spiced,3
muwahahaha,3
i'ven't,3
●,3
/forgor,3
chose,3
va,3
ren,3
cooldowns,3
tumblr,3
equally,3
destroyed,3
awsome,3
pantsrpg,3
frank's,3
guyana,3
boston,3
credits,3
responses,3
overrated,3
undo,3
5d,3
patriotic,3
bane,3
perspectives,3
string1,3
ublock,3
dah,3
gtk,3
,3
dfymuseum.minehut.gg,3
wisely,3
refund,3
importance,3
inventories,3
teleporting,3
rewards,3
anvil,3
pdcs,3
mockup,3
integer>,3
belt,3
strength,3
/deathzone,3
<id>,3
refactored,3
warps,3
unacceptable,2
standardization,2
semantic,2
detached,2
nonlinear,2
defense,2
overhaul,2
hurting,2
versioning,2
filthy,2
6/537,2
doug,2
croissant,2
gnome's,2
pngs,2
inspiration,2
kurzgesagt,2
precious,2
defeats,2
animal,2
cram,2
pewdiepie,2
associates,2
badly,2
upsets,2
deeply,2
gosh,2
builders,2
dfymobs,2
functionally,2
accessibility,2
agent,2
unsolved,2
improving,2
stating,2
clip,2
steamed,2
streamed,2
dict,2
lags,2
lc.otter,2
inefficient,2
forgo,2
offset,2
donation,2
alts,2
packed,2
terracotta,2
dungeonfys,2
increased,2
tacked,2
traveller's,2
intuitive,2
discover,2
suggestion,2
gilbert,2
lockdownd,2
5️⃣,2
🔫,2
picker,2
favour,2
amd,2
iq,2
half-baked,2
riding,2
nesting,2
conditionals,2
inspect,2
vesktop,2
tips,2
there'll,2
pencil,2
minecraftclient.getinstance,2
autocomplete,2
javadoc,2
1.12.2,2
plots,2
achieve,2
divisible,2
honourable,2
sauciness-deafening.us.e4mc.link,2
8192,2
bdungeons.minehut.gg,2
nrn,2
sync#127,2
jumps,2
fires,2
collisions,2
cropping,2
ordering,2
cave,2
lighting,2
ore,2
pseudo,2
enemy_location,2
vector2(x,2
random_offset,2
2-10,2
enemy_create(enemy_location,2
move_towards(player.x,2
collide_with_walls,2
player.y,2
in_range(player.x,2
self.x,2
[g],2
[b],2
cycle,2
jokers,2
confidence,2
august,2
decode,2
buffer,2
lemme,2
3pm,2
toast,2
pancakes,2
syrup,2
stabbing,2
sprite,2
󱤎󱦕󱥤,2
\_\_\_\_\_\_\_\_\_\_\,2
\_\_\_\_|\_|\_\_\_\_\,2
confidently,2
instruments,2
365,2
lyrics,2
migrate,2
v1.0,2
proxy,2
consuming,2
ai-skeptic,2
embedding,2
regarding,2
sorts,2
classroom,2
lengths,2
feasible,2
<sound:0:7>,2
soundmojis,2
pictionary,2
e1m2,2
/test,2
55,2
grandmasters,2
breakdowns,2
°□°,2
whiteboard,2
realizes,2
douglas,2
adams,2
😢,2
pokey,2
lizard,2
verde,2
cex,2
universes,2
doctors,2
filmed,2
scares,2
marketplace,2
stereo,2
typical,2
nerdy,2
joy,2
dibs,2
quiet,2
pant,2
don,2
backpacks,2
🤯,2
tangentially,2
ctrl+u,2
planner,2
aaaaaaa,2
webkit,2
2-3,2
anonymous,2
yolk,2
explosion,2
interlude,2
locks,2
methods,2
percentages,2
📉,2
combination,2
ight,2
unreadable,2
coloured,2
emoticon,2
decks,2
glitches,2
barrier,2
replay,2
shuts,2
thick,2
pvp,2
altogether,2
sp1ced,2
ex,2
shiny,2
associate,2
pre-installed,2
axolotl,2
smiley,2
gramineae,2
grassland,2
pasture,2
referred,2
780,2
genera,2
fifth-largest,2
asteraceae,2
orchidaceae,2
fabaceae,2
economically,2
providing,2
rice,2
materials,2
thatch,2
primarily,2
ethanol,2
nodes,2
ranks,2
forming,2
blade,2
cope,2
frequent,2
savannah,2
prairie,2
dominant,2
40.5%,2
seagrasses,2
poales,2
alismatales,2
belong,2
monocot,2
murdered,2
shack,2
dust,2
submitting,2
😎,2
panic,2
growing,2
parks,2
attract,2
ordinary,2
turf,2
grain,2
papyrus,2
rotating,2
flooded,2
borrow,2
provincial,2
tty,2
terminals,2
miracle,2
bio,2
blown,2
navigation,2
consistency,2
refactor,2
developer's,2
overcomplicating,2
thingies,2
seo,2
compiles,2
understandable,2
exorbitant,2
paths,2
overwritten,2
multithreading,2
frustrates,2
commited,2
diraccess,2
mappack,2
mappacks,2
regenerates,2
reinstalling,2
mapped,2
array,2
drain,2
uncapped,2
usecase,2
desks,2
threat,2
350,2
shootings,2
left-wing,2
leaning,2
resigned,2
recursively,2
eats,2
gracefully,2
majorly,2
scans,2
unreleased,2
spammed,2
tricky,2
slap,2
gdscript,2
python-like,2
camelcase,2
habits,2
signals,2
embarassingly,2
constants,2
redundant,2
span,2
pulling,2
consolewindowinstance,2
choosing,2
gh,2
strict,2
gimp,2
toggling,2
easy-ish,2
xf,2
cwd,2
bump,2
paper.jar,2
upstream,2
httprequest,2
roguelonk,2
ips,2
scales,2
ummmm,2
rshift,2
uppercase,2
🤞,2
returning,2
hes,2
revamp,2
armadillo,2
appeared,2
2's,2
importing,2
ruining,2
frogs,2
whitelisted,2
partial,2
lasted,2
sup,2
ic,2
ver,2
/add_enchant,2
snacks,2
notices,2
happiness,2
spoofing,2
ace,2
stress,2
ooooh,2
parsing,2
governments,2
gum,2
char,2
cancelled,2
ants,2
peertube,2
theoretical,2
radicalized,2
notifies,2
mythicfy,2
1.19.2,2
isolating,2
customizable,2
eol,2
exaggeration,2
approves,2
nature,2
looping,2
repositories,2
resolve,2
modimplementation,2
io.github.prospector.modmenu:modmenu:latest_version,2
projects/main_projects/scify/.gradle/loom-cache/remapped_mods/io/github/prospector/modmenu/modmenu/latest_version/modmenu-latest_version.pom,2
file:/home/chickenman/.gradle/caches/fabric-loom/minecraftmaven/io/github/prospector/modmenu/modmenu/latest_version/modmenu-latest_version.pom,2
projects/main_projects/scify/.gradle/loom-cache/minecraftmaven/io/github/prospector/modmenu/modmenu/latest_version/modmenu-latest_version.pom,2
stacktrace,2
trace,2
insights,2
==============================================================================,2
emo,2
asset,2
executables,2
villager,2
surge,2
renewed,2
register,2
🤦,2
migrating,2
gap,2
🥲,2
1.19.4,2
ported,2
raaa,2
respawn,2
collected,2
anybody,2
sniped,2
stacks,2
berry,2
sweet,2
nbt,2
owl,2
santiago,2
spawned,2
capitals,2
intentional,2
regen,2
fahrenheit,2
mile,2
yard,2
monkeys,2
lvl,2
squid,2
chickens,2
bush,2
permanently,2
brute,2
controversies,2
<:enook_psycho:1103344792240406688>,2
unanimous,2
mono,2
pre-dfy,2
throughout,2
entertaining,2
transactions,2
rockets,2
bud,2
maple,2
cardboard,2
usa,2
12th,2
holiday,2
yo,2
attacked,2
thousands,2
0%,2
attacks,2
autowelcome,2
51.222.121.148:25599,2
bang,2
0xff00ff,2
opacity,2
hallucinated,2
guides,2
property,2
pronouncing,2
famed,2
ordinals,2
powerup,2
headphones,2
restructuring,2
docks,2
largest,2
distributions,2
interests,2
disappointing,2
doomed,2
generations,2
classical,2
bootfy's,2
blackjack,2
troubling,2
pivoting,2
exposed,2
remains,2
/hj,2
75,2
buried,2
treasure,2
axis,2
undertale,2
handful,2
cowards,2
shears,2
sworn,2
mix,2
ul_void,2
bundle,2
abused,2
contained,2
viruses,2
floating,2
focusing,2
golem,2
allay,2
stored,2
user's,2
v1.0.2,2
untested,2
spreadsheets,2
%appdata%,2
navigate,2
dfysp,2
win+r,2
unzips,2
pv,2
arr,2
enoch,2
deafened,2
compactor,2
pomegranate,2
grapes,2
󱥭,2
poking,2
ticking,2
comfortable,2
publicly,2
🙏,2
squaring,2
video's,2
thunder,2
labeled,2
fabricmc,2
macs,2
tower,2
condition,2
500gb,2
syncing,2
16:9,2
hypothetically,2
raids,2
chaotic,2
scammed,2
ps2,2
suggestions,2
division,2
writer,2
󱥬,2
invading,2
informative,2
threatened,2
chad,2
󱤀,2
󱤴󱤑󱦐󱦃󱤾󱥴󱤎󱦑,2
file.txt,2
xwayland,2
virtualenv,2
mild,2
upsides,2
std,2
libs,2
cargo,2
innocuous,2
read-only,2
btop,2
conned,2
lurking,2
flipper,2
arrest,2
faked,2
surprise,2
addicted,2
atom,2
convenient,2
9pm,2
melting,2
stupidity,2
slows,2
3,2
university,2
mood,2
boards,2
1.8.9,2
refusing,2
neoforge,2
literal,2
analyse,2
😻,2
kamala,2
harris,2
panel,2
ddr3,2
equivalency,2
a5,2
boing,2
cells,2
atoms,2
adobe,2
presentation,2
4s,2
utah,2
inputting,2
3gs,2
500,2
schooling,2
victim,2
else's,2
elderly,2
bureaucracy,2
phrase,2
imovie,2
http://0x0.st/px8q.fish,2
preset,2
chsh,2
researching,2
gpio,2
purge,2
purging,2
task-gnome-desktop,2
imac,2
400,2
ukraine,2
mastodon.social,2
icloud,2
kanse,2
losi,2
cree,2
notoriously,2
desktops,2
pray,2
rebind,2
sddm,2
intel,2
distinctly,2
assembly,2
factory,2
what'll,2
cyrillic,2
ðe,2
ð,2
wouldn't've,2
reaching,2
interviewed,2
tyee,2
é,2
hre,2
mirror,2
overthrew,2
foreign,2
vegans,2
stale,2
juggling,2
jingle,2
26th,2
horns,2
devil,2
󱤌「frank」,2
ancestor,2
1,2
instrument,2
forest,2
adjectives,2
multi-trillion,2
contested,2
drawer,2
se,2
http://henryvaniersel.ca/,2
logging,2
ie,2
rogers,2
systemd,2
goodnight,2
wireless,2
wednesday,2
eric,2
hamber,2
newspaper,2
[citation,2
wiping,2
versus,2
db.txt,2
vsb's,2
averages,2
exploring,2
cultures,2
100gb,2
urban,2
forums,2
saudi,2
fails,2
greater,2
theft,2
overloading,2
finn’s,2
airdrop,2
yelled,2
race,2
dopamine,2
marker,2
label,2
mold,2
buncha,2
munich,2
causes,2
schizophrenia,2
lamp,2
sinorita,2
2019,2
childcare,2
believed,2
comical,2
bathroom,2
busing,2
ch,2
impacting,2
minimal,2
rely,2
1000s,2
chile,2
painting,2
mona,2
lisa,2
aur,2
lightscribe,2
genuine,2
finns,2
/share,2
crystal,2
toyota,2
burst,2
roundabout,2
monsuta,2
branding,2
radios,2
sheet,2
clinton,2
🨦🨨🨧🨤🨥🨧🨨🨦,2
🨩🨩🨩🨩🨩🨩🨩🨩,2
🨅🨅🨅🨅🨅🨅🨅🨅,2
🨂🨄🨃🨁🨀🨃🨄🨂,2
𜲦,2
𜲧,2
𜲪,2
𜲫,2
sine,2
yyyy-mm-dd,2
istg,2
http://173.180.93.223/,2
congrats,2
carry,2
investors,2
profitability,2
mozilla,2
hardened,2
renew,2
50m,2
overthinking,2
adult,2
arbitrary,2
boooo,2
terminology,2
postmarket,2
differentiate,2
rm,2
rf,2
serif,2
graduation,2
10-12,2
monitoring,2
underage,2
collar,2
afford,2
cia,2
operation,2
ca,2
iframes,2
transition,2
transitions,2
fm,2
transmitter,2
rewrote,2
avenue,2
wav,2
carrying,2
escargot,2
prefix,2
/that's,2
itunes,2
libimobiledevice,2
jailbreaking,2
irecovery,2
26.0,2
multiplying,2
abandoned,2
ferrumc,2
pumpkin,2
entities,2
packets,2
lossless,2
pirated,2
harry,2
potter,2
🤗,2
wires,2
subtitles,2
modelling,2
finland,2
remote,2
staircase,2
breathing,2
non-profit,2
bootrom,2
erotic,2
shirt,2
mixing,2
wesbite,2
password123,2
http://www.cevichenow.com/,2
directed,2
recieve,2
desync@desyncd.xyz,2
presets,2
win7,2
1.23,2
1300,2
pensive,2
altavista,2
sed,2
nc,2
www.altavista.digital.com,2
/dev/null,2
110,2
120,2
160,2
210,2
txt,2
arrested,2
6667,2
inspircd,2
smog,2
buck,2
spit,2
spy,2
\`\`\,2
@environment(envtype.client,2
prefix=escargot,2
/usr/bin,2
dsi,2
activitypub,2
translucent,2
slacktivism,2
drones,2
pycharm,2
fury,2
geyser,2
/auth,2
quirks,2
essentials,2
elephant,2
runclient,2
name>,2
inject,2
modder,2
brb,2
sprinting,2
sprint,2
50gb,2
quirk,2
pillow,2
bind,2
babric,2
<x>,2
relearn,2
ellipses,2
altstore,2
kiosks,2
signage,2
provinces,2
saskatchewan,2
idiom,2
embeds,2
2256x1504,2
selected_letter,2
crawl,2
guessing,2
backlinks,2
3utools,2
dfu,2
dirty,2
omw,2
punch,2
insufferable,2
temps,2
kit,2
fallacies,2
womp,2
deltatime,2
outlawed,2
develops,2
wider,2
suprising,2
racing,2
developments,2
insanity,2
davis,2
punished,2
lifeless,2
audience,2
pessimistic,2
scott,2
sustainable,2
soap,2
wayyy,2
exxonmobil,2
organization,2
w3c,2
gdpr,2
combining,2
dose,2
duckduckgo's,2
right-wing,2
unbelievably,2
encode,2
riots,2
kings,2
carney,2
carbon,2
preview,2
8.0,2
par,2
subnautica,2
styles,2
hides,2
cracks,2
replies,2
informing,2
platformer,2
kam,2
nose,2
ghost,2
trivial,2
shocker,2
minimize,2
capcut,2
htop,2
deficient,2
spice,2
fries,2
hardcoded,2
spawning,2
triggers,2
spins,2
cright,2
soon™️,2
creation,2
steamapi,2
2/3,2
connects,2
yum,2
lobbies,2
networks,2
modes,2
sidetracked,2
raw,2
🤫,2
mesh,2
duplicated,2
decompiled,2
extracted,2
project.godot,2
trapped,2
res://sheep.glb,2
core/io/resource_loader.cpp:359,2
parse,2
trophy,2
png,2
mountains,2
magical,2
handheld,2
focused,2
crafted,2
kali,2
hired,2
removal,2
<a:alienpls3:806550682499940392>,2
overriding,2
mc.desyncd.xyz:25566,2
buildings,2
buys,2
expanding,2
endless,2
views,2
zoomify,2
continuity,2
maintainer,2
soup,2
differently,2
behalf,2
goods,2
dump,2
electronics,2
throwy,2
﻿﻿﻿﻿﻿,2
apples,2
slavery,2
crackers,2
surely,2
applications,2
defence,2
imagined,2
ibn,2
significant,2
algebra,2
2029,2
exciting,2
vending,2
bigotry,2
described,2
lili,2
cell,2
what’s,2
playstation,2
printed,2
couldn’t,2
printer,2
complaint,2
independent,2
couch,2
balloons,2
jo,2
ijo,2
multiplied,2
divided,2
peer,2
cent,2
󱤾,2
onebc,2
seats,2
refers,2
severe,2
hatred,2
recorded,2
ms,2
legitimate,2
twisted,2
needn't,2
patients,2
misspelt,2
complained,2
ssd,2
blew,2
arson,2
imports,2
x|x,2
alarm,2
322,2
quake,2
2013,2
renderer,2
antisemitic,2
adolf,2
alien,2
liquid,2
blog,2
asm,2
perhaps,2
gdt,2
interrupts,2
stublet,2
align,2
mboot,2
multiboot,2
multiboot_page_align,2
multiboot_memory_info,2
multiboot_aout_kludge,2
multiboot_checksum,2
extern,2
signature,2
linker,2
fills,2
shortly,2
declaring,2
identifier,2
loaf,2
coal,2
skate,2
tin,2
teenager,2
resistors,2
infringement,2
quoting,2
shortened,2
swamp,2
kindle,2
orbit,2
electricity,2
⚒️,2
dreaming,2
glock,2
additional,2
hurdle,2
modchip,2
emulated,2
symbols,2
seed,2
lava,2
argued,2
tweaks,2
functioning,2
noooooooo,2
<#1249920103122993234>,2
configs,2
pressure,2
bonjour,2
rapid,2
clientfy,2
1.21.10,2
effective,2
maintaining,2
p.s,2
desyncfy,2
nsfw,2
moderating,2
1.21.5,2
completed,2
[fabric,2
automod,2
print("hello,2
anyday,2
dev-chat,2
tv's,2
tts,2
println(isenabled,2
flip,2
returns,2
refuses,2
spaghetti,2
co-owner,2
supreme,2
inactive,2
ulysses,2
bombs,2
roosevelt,2
formal,2
cooking,2
son,2
counted,2
lightweight,2
realistically,2
lowest,2
seas,2
nowadays,2
replacements,2
autohotkey,2
scenario,2
motors,2
nah,2
historically,2
trolley,2
taller,2
chop,2
<:wide_greg:958043965721026591>,2
sober,2
bore,2
perimeter,2
1.16,2
brings,2
blows,2
redstoners,2
salmon,2
skibidi,2
toilet,2
skeppy,2
addressing,2
controversy,2
minors,2
52m,2
highlights,2
occurrences,2
ea,2
scummy,2
creators,2
mechanics,2
pineapple,2
spoil,2
shhh,2
$10,2
subway,2
surfers,2
mug,2
vulnerabilities,2
lcd,2
1440p,2
120hz,2
540hz,2
bottleneck,2
gigs,2
usb-c,2
customization,2
abin,2
5-10,2
controversial,2
proprietary,2
guesses,2
603,2
conspiracy,2
renamed,2
respectfully,2
zeros,2
digits,2
676705,2
16th,2
san,2
agrees,2
bitcoin,2
100m,2
proportion,2
casual,2
anime,2
game's,2
customize,2
lmnop,2
sucked,2
tablet,2
dihydrogen,2
mass,2
explosive,2
elastic,2
metric,2
quarter,2
rat,2
poison,2
powered,2
ent,2
hopes,2
extrusion,2
sassy,2
maxim,2
shells,2
oxygen,2
thatonesusguy’s,2
shocked,2
muppets,2
mickey,2
hoarding,2
interacting,2
invested,2
steph,2
curry,2
beings,2
analogy,2
relationship,2
craziest,2
principal,2
estimates,2
interview,2
depressing,2
merry,2
pedophile,2
formatted,2
est,2
depot,2
solving,2
extremism,2
reels,2
1.5hrs,2
shave,2
noooo,2
unions,2
policies,2
gc,2
replacement],2
hank,2
headless,2
indirectly,2
museum,2
saturation,2
tables,2
beds,2
rods,2
f3,2
redesigned,2
pipeline,2
crispness-agenda.us.e4mc.link,2
slurs,2
annoyance,2
nukes,2
phil,2
dry,2
vision,2
skipped,2
hurts,2
chests,2
cache,2
jumped,2
batman,2
modchipped,2
odyssey,2
legends,2
arceus,2
irm,2
iex,2
veux,2
vital,2
mpreg,2
regional,2
ha,2
ery,2
rub,2
bass,2
patriarchy,2
masterpiece,2
caption,2
hycvvr,2
denied,2
silk,2
zup,2
lee,2
psa,2
ook,2
spreading,2
robotics,2
brother's,2
4060,2
expectation,2
whip,2
perry,2
strongly,2
skinny,2
cosmoz,2
fist,2
presence,2
<the,2
longest,2
python3.13,2
3.13,2
tail,2
ensurepip,2
qt,2
gizmo,2
gartic,2
fastest,2
dont,2
february,2
weighs,2
eureka,2
😮‍💨,2
miffed,2
cough,2
riddle,2
tracking,2
homeless,2
sums,2
dick,2
medium,2
explains,2
nations,2
creeper,2
temperatures,2
xyz,2
ours,2
es,2
51st,2
corporeal,2
realm,2
con,2
balena,2
novels,2
pictured,2
bandaid,2
ctrl,2
individually,2
shrink,2
comox,2
cumberland,2
gibsons,2
harrison,2
springs,2
tourism,2
ladysmith,2
cowichan,2
lytton,2
qualicum,2
sidney,2
royal,2
towns,2
metro,2
manageable,2
2.5h,2
decipher,2
todays,2
whom,2
suno,2
weka,2
verb,2
capitalists,2
whatever's,2
denies,2
prince,2
fairy,2
jesus's,2
ted,2
pope,2
believing,2
garden,2
beginner,2
allies,2
17/11/2025,2
wins,2
29,2
rarely,2
mankiller,2
vietnam,2
minority,2
church,2
passport,2
asia,2
you’ve,2
ethics,2
talent,2
polar,2
debunked,2
neoliberalism,2
simplification,2
ussr,2
div,2
minister,2
freedoms,2
oooooooooo,2
offense,2
acting,2
film,2
thursday,2
grades,2
encryption/block-chain,2
spits,2
captcha,2
citizen,2
<>,2
bottles,2
sticker,2
citizens,2
pun,2
sandwich,2
patrick,2
sport,2
stated,2
yell,2
army,2
malnourished,2
gym,2
crows,2
birds,2
instinctively,2
judge,2
toddler,2
\*\*\*\*\,2
lorne,2
dance,2
astra,2
extroverted,2
>/dev/null,2
deb,2
xx:+alwayspretouch,2
xx:+disableexplicitgc,2
xx:+parallelrefprocenabled,2
xx:+perfdisablesharedmem,2
xx:+unlockexperimentalvmoptions,2
xx:+useg1gc,2
xx:g1heapregionsize=8m,2
xx:g1heapwastepercent=5,2
xx:g1maxnewsizepercent=40,2
xx:g1mixedgccounttarget=4,2
xx:g1mixedgclivethresholdpercent=90,2
xx:g1newsizepercent=30,2
xx:g1rsetupdatingpausetimepercent=5,2
xx:g1reservepercent=20,2
xx:initiatingheapoccupancypercent=15,2
xx:maxgcpausemillis=200,2
xx:maxtenuringthreshold=1,2
xx:survivorratio=32,2
daikars.new.flags=true,2
server.properties,2
eula.txt,2
30s,2
vaccines,2
stretched,2
crappier,2
designs,2
😦,2
constant/mass,2
senseless,2
intentionally,2
escaping,2
rationale,2
solves,2
user://,2
exporting,2
papermc,2
wisdom,2
rebels,2
charged,2
yon,2
infernal,2
contraption,2
panicking,2
90dns,2
reinx,2
incognito,2
potion,2
bucket,2
pearl,2
restarted,2
inserting,2
rohee's,2
drives,2
notable,2
exceptions,2
arms,2
imagery,2
rectangle,2
i18n,2
squares,2
teeth,2
reflection,2
knock,2
geoguessr,2
clones,2
journey,2
surrey,2
/kill,2
󱥯,2
fcxit5,2
screwing,2
mŭ,2
keŭ,2
violate,2
dense,2
grabber,2
spider,2
nbgfre3rfgbn,2
honoured,2
jokes,2
swastikas,2
prohibited,2
<#1420247497451765890>,2
soon-ish,2
grasp,2
clash,2
clans,2
rocks,2
capitalization,2
unbridge,2
forth,2
uploads,2
blockchain,2
watermelon,2
hay,2
80%,2
sandboxed,2
horizontal,2
injection,2
hurry,2
swords,2
depend,2
viable,2
periods,2
beforehand,2
threw,2
promising,2
spec,2
divine,2
butcher's,2
flint,2
dungeonfied,2
dungeonfar,2
mfw,2
flights,2
simplified,2
protected,2
operator,2
bytes,2
cross-platform,2
dedicated,2
teleports,2
restore,2
sized,2
stance,2
obsidian,2
navigating,2
#13,2
#12,2
#11,2
consists,2
compress,2
uhm,2
index,2
rp,2
antique,2
energistics,2
archeology,2
extended,2
immersive,2
additions,2
dynamics,2
lib,2
physics,2
supplementaries,2
traveler's,2
temples,2
ocean,2
bridges,2
decompression,2
tls,2
1.2,2
in-app,2
ideal,2
/kills,2
universal,2
/profile,2
portals/world,2
canonically,2
myspace,2
deltaxbyte,2
announce,2
<#1202043843927887992>,2
homework-help,2
james,2
rounds,2
boilerplate,2
drills,2
capacity,2
bill's,2
v2.0,2
🤓🤓☝️☝️,2
guessed,2
oninitializeclient,2
clienttickevents.end_world_tick.register(client,2
assert,2
minecraftclient.getinstance().player,2
minecraftclient.getinstance().player.getbodyyaw,2
doom_left.ispressed,2
doom_right.ispressed,2
waspressed,2
dumbfounded,2
attach,2
keybindinghelper.registerkeybinding(new,2
inpututil.type.keysym,2
ragebaiting,2
overcomplicated,2
⬛🟨🟨🟩🟩,2
immediate,2
1702,2
1652,2
1648,2
havoc,2
zee,2
mere,2
followup,2
aaaaaaaaa,2
non-communist,2
$200,2
$50,2
meter,2
revolt,2
swaphands,2
xdeg,2
pitch,2
[for,2
seconds],2
velocity,2
subtitle,2
calculate,2
lands,2
drug,2
camps,2
styling,2
palestine,2
borders,2
ideologically,2
mangione,2
valuable,2
deserves,2
brian,2
clarity,2
ww3,2
shaking,2
bon,2
nuit,2
ne,2
endeavours,2
parle,2
upcoming,2
cooked,2
journal,2
neutral,2
treat,2
engaging,2
catching,2
󱥄󱤷󱥞,2
wildfire,2
wikinose’s,2
zoo,2
mysterious,2
󱥆󱤧󱤬󱤂,2
opportunities,2
@desyncd.xyz,2
waiver,2
arbitration,2
clause,2
settling,2
angled,2
beetle,2
deniz,2
skytrain,2
freely,2
decker,2
oral,2
boulder,2
selfish,2
dnd,2
binding,2
monthly,2
weekly,2
doohickeys,2
<t:1759593600:r>,2
<t:1760889600:r>,2
<t:1762102800:r>,2
<t:1763312400:r>,2
secondary,2
beaver,2
[direction],2
4-8,2
cyprus,2
multi-day,2
shoreline,2
stinky,2
coquitlam,2
wasted,2
arrive,2
cleaner,2
scrape,2
guest,2
<#1424907361910521866>,2
<:tilde:1469177510586482829>,2
/asa/,2
importantly,2
responded,2
󱥠,2
alphabets,2
selo,2
creepy,2
sibling,2
federal,2
shah,2
caring,2
pre-shutdown,2
elshan,2
fund,2
readers,2
assisted,2
314,2
lethbridge,2
supervised,2
winnipeg,2
hasn’t,2
decartes,2
nonfiction,2
addition,2
deepfakes,2
translated,2
efficiently,2
lmoa,2
surrounding,2
soooo,2
fart,2
ermmm,2
gravel,2
6pm,2
rejoined,2
onboarding,2
@,2
jacket,2
70%,2
earliest,2
master,2
ragebaited,2
24.04,2
26.04,2
uutils,2
snaps,2
centralized,2
claiming,2
screenshotted,2
artemis,2
ethical,2
domino,2
wealth,2
olauncher,2
wording,2
palera1n,2
vance,2
throwback,2
wawa,2
baguette,2
ce,2
n'est,2
󱥔󱤀,2
󱥄󱤖󱥡,2
emoticons,2
󱥁︁󱤧󱤨󱥧󱥙,2
󱥁︁󱤧󱤬,2
󱦃󱥣,2
󱤴󱥡󱤂,2
󱤭,2
󱥄󱥱󱤴,2
󱥫󱥁󱤡󱤴󱤢,2
󱤘󱥐󱥍󱥍,2
󱤹,2
󱤻,2
coach,2
soccer,2
weirdest,2
innovative,2
memorized,2
midnight,2
seek,2
fare,2
sovereignty,2
groundbreaking,2
hints,2
clipping,2
flame,2
[toki,2
geared,2
dependent,2
court,2
whee,2
abugida,2
meso,2
biden’s,2
america…,2
derogatory,2
󱥵,2
󱥂󱥣,2
pipi,2
akesi,2
shorthand,2
intensive,2
1.1.1.1,2
samsung,2
slopware,2
moms,2
admire,2
hundreds,2
owners,2
directions,2
slack,2
tilde,2
ontario,2
tagline,2
noticable,2
oval,2
chainsaw,2
pochita,2
embody,2
digging,2
sooo,2
funds,2
kelowna,2
6am,2
flawed,2
interaction,2
throught,2
criticism,2
scenarios,2
nextjs,2
minified,2
logger,2
travels,2
advertise,2
9030,2
solid,2
unused,2
rephrase,2
decentralized,2
shall,2
openings,2
fusion,2
documentary,2
kili,2
mi/sina,2
seli,2
lete,2
wan,2
linluwi,2
monday,2
problematic,2
references,2
vulcan,2
flexing,2
rootless,2
aws,2
graphing,2
shifted,2
polyform,2
kindly,2
introduced,2
depth).color(this.col1,2
depth).color(this.col2,2
vanishes,2
heaven,2
imagining,2
uwu,2
innovation,2
oreos,2
rounded,2
simpler,2
giveaway,2
reveal,2
tope,2
evils,2
willingly,2
manifesto,2
scams,2
🤨,2
[i,2
{year+1},2
birthing,2
anger_right,2
🦫,2
🏒,2
motivation,2
1/10000,2
tui,2
days_since_launch,2
fr*nch,2
strongest,2
luigi's,2
whereas,2
$20,2
cleaning,2
compound,2
25th,2
struggle,2
fathom,2
resistance,2
slimey,2
bringing,2
0-3,2
breaker,2
cmd.exe,2
figures,2
<#868049401707397122>,2
boy,2
shill,2
<insert,2
here>,2
expectations,2
fame,2
summoned,2
deploys,2
locate,2
footprint,2
linking,2
unbanned,2
mentally,2
theirs,2
storm,2
bluetooth,2
college,2
drill,2
arduinos,2
edges,2
24th,2
🎁,2
hedgehog,2
matt,2
instances,2
seuss,2
luddites,2
rick,2
huge,2
chilling,2
grabify,2
betterdiscord,2
md,2
ikr,2
boil,2
petition,2
scare,2
nebraska,2
blaze,2
blazes,2
veteran,2
ty,2
acknowledge,2
hypocrite,2
spoon,2
apologize,2
maxed,2
51,2
vivaldi,2
sa,2
&ci,2
<#868049999274074172>,2
cosmic,2
jerk,2
raghee,2
har,2
quitting,2
<#885005921951043584>,2
mayor,2
candidates,2
ongoing,2
neo,2
norovirus,2
interrobang,2
aaaa,2
statistically,2
vps,2
taper,2
wax,2
eac,2
revenue,2
name's,2
rewatching,2
predatory,2
amogus,2
spelled,2
mechanic,2
momentum,2
betas,2
remembers,2
funko,2
mooses,2
chewy,2
60%,2
barrel,2
panama,2
jamaica,2
peru,2
puerto,2
rico,2
honduras,2
conquered,2
spammer,2
🖥️,2
observation,2
self-hosted,2
xorg,2
>reset_thread,2
david,2
appropriate,2
respond],2
pros,2
spoky,2
oui,2
moderation,2
self-host,2
<sound:868049400981762049:1105334629713588254>,2
bearcat865,2
uname,2
autoclicker,2
ᵇᵘᵗ,2
ᵗᵒ,2
ᶦᵗ,2
ᵃⁿᵈ,2
ʷᵒᵘˡᵈ,2
ᵇᵉ,2
archiving,2
archival,2
bordered,2
enum,2
fanciness,2
increasing,2
disables,2
cosmetics,2
upside,2
recite,2
wee,2
pledge,2
allegiance,2
shader,2
shortens,2
lynk,2
redid,2
pixelated,2
awkward,2
dsm,2
sat,2
approach,2
cuts,2
referenced,2
translations,2
grabs,2
rossmann,2
fingernails,2
hallway,2
waves,2
limits,2
incompetent,2
1239,2
straights,2
flushes,2
administration,2
heptagon,2
pipes,2
1.7,2
string2,2
river,2
detector,2
trauma,2
donuts,2
salute,2
journalism,2
monster,2
mcdiamondfire.com,2
smash,2
toysrus,2
figma,2
5%,2
qubes,2
basics,2
speeds,2
cubic,2
cigarette,2
[report,2
affects,2
dfy2,2
rizzler,2
worm,2
pre-wipe,2
grouping,2
bento,2
schematic,2
amethyst,2
mole,2
ruby,2
rb,2
amythest,2
infinicarrot,2
scented,2
carrot,2
thunderbird,2
ggs,2
furgurson,2
{_name},2
auction,2
gregslist,2
post-release,2
/nw,2
<#1394501521118466129>,2
trades,2
in-game,2
increments,2
numbering,2
0.1,2
recipies,2
item's,2
enchants,2
descriptions,2
/dfigive,2
rings/necklaces,2
cuphead,2
0.3,2
promoting,2
/dfi,2
decimal,2
dmg,2
grace,2
summons,2
noclip,2
barriers,2
/gift,2
clarify,2
we’d,2
dumping,2
per-player,2
desmos,2
itemstacks,2
[dfyskills.jar:?],2
integer,2
getkills(player,2
player.getstatistic(statistic.mob_kills,2
pom.xml,2
likethis,2
re-implement,2
reliance,2
mvn,2
m2,2
artifact,2
<repository>,2
</repository>,2
<dependency>,2
</dependency>,2
rarity,2
⚠,2
textutilities,2
dfy.builder,2
tooling,2
dfylib,2
hashmaps,2
creep,2
cooldowngroup=optional[dfyitems:abilities/test]],2
minecraft:max_damage=>384,2
minecraft:break_sound=>reference{resourcekey[minecraft:sound_event,2
minecraft:entity.item.break]=soundevent[location=minecraft:entity.item.break,2
fixedrange=optional.empty]},2
minecraft:item_model=>minecraft:bow,2
minecraft:rarity=>common,2
minecraft:damage=>0,2
minecraft:enchantments=>itemenchantments{enchantments={}},2
minecraft:attribute_modifiers=>attributemodifierscomponent[modifiers=[]],2
minecraft:lore=>lorecomponent[lines=[],2
styledlines=[]],2
minecraft:tooltip_display=>tooltipdisplaycomponent[hidetooltip=false,2
hiddencomponents={}],2
minecraft:repair_cost=>0,2
minecraft:item_name=>translation{key='item.minecraft.bow,2
args=[]},2
minecraft:enchantable=>enchantablecomponent[value=1]},2
minecraftclient.getinstance().player?.itemcooldownmanager?.getcooldownprogress(minecraftclient.getinstance().player?.mainhandstack,2
1f).tostring,2
breakthrough,2
folding,2
defederate,2
